ADENOSYL-METHIONINE,C[S+](CC[C@H](N)C([O-])=O)C[C@H]1O[C@H]([C@H](O)[C@@H]1O)n1cnc2c(ncnc12)N
ACEGLUTAMIDE,CC(=O)N[C@@H](CCC(N)=O)C(O)=O
ATROMEPINE,CN1C2CCC1CC(C2)OC(=O)C(C)(CO)c1ccccc1
ATROPINE,CN1[C@@H]2CC[C@H]1CC(C2)OC(=O)C(CO)c1ccccc1
BENZATROPINE,CN1[C@H]2CC[C@@H]1CC(C2)OC(c1ccccc1)c1ccccc1
RESERPINE,CO[C@H]1[C@@H](C[C@@H]2CN3CCc4c([nH]c5cc(ccc45)OC)[C@H]3C[C@@H]2[C@@H]1C(=O)OC)OC(=O)c1cc(c(c(c1)OC)OC)OC
HYOSCYAMINE,CN1[C@H]2CC[C@@H]1CC(C2)OC(=O)[C@H](CO)c1ccccc1
ATROPINE-OXIDE,C[N+]1([O-])[C@H]2CC[C@@H]1CC(C2)OC(=O)C(CO)c1ccccc1
LOBELINE,CN1C(CCCC1CC(=O)c1ccccc1)CC(O)c1ccccc1
PHYSOSTIGMINE,CNC(=O)Oc1ccc2c(c1)[C@@]1(C)CCN(C)[C@H]1N2C
QUININE,COc1ccc2nccc(c2c1)[C@@H](O)[C@@H]1C[C@@H]2CCN1C[C@@H]2C=C
HOMATROPINE,CN1[C@@H]2CC[C@@H]1CC(C2)OC(=O)C(O)c1ccccc1
DEXAMPHETAMINE,C[C@H](N)Cc1ccccc1
ALFETAMINE,NC(CC=C)Cc1ccccc1
AMFETAMINIL,CC(Cc1ccccc1)NC(C#N)c1ccccc1
AMFETAMINE,CC(N)Cc1ccccc1
BENZFETAMINE,CC(Cc1ccccc1)N(C)Cc1ccccc1
DIMETHAMPHETAMINE,C[C@@H](Cc1ccccc1)N(C)C
FEZOLAMINE,CN(C)CCCn1cc(c(n1)c1ccccc1)c1ccccc1
FURFENOREX,CC(Cc1ccccc1)N(C)Cc1occc1
INDATRALINE,CN[C@@H]1C[C@@H](c2ccc(c(c2)Cl)Cl)c2ccccc12
LEVAMPHETAMINE,C[C@@H](N)Cc1ccccc1
LOMETRALINE,COc1ccc(c2c1CCCC2N(C)C)Cl
MEDIFOXAMINE,CN(C)CC(Oc1ccccc1)Oc1ccccc1
METAMFEPRAMONE,CC(N(C)C)C(=O)c1ccccc1
METAPRAMINE,CNC1Cc2ccccc2N(C)c2ccccc12
METHAMPHETAMINE,CN[C@@H](C)Cc1ccccc1
OXIFENTOREX,CC(Cc1ccccc1)[N+](C)([O-])Cc1ccccc1
PANURAMINE,O=C(NC1CCN(CC1)Cc1ccc2ccccc2c1)NC(=O)c1ccccc1
PSILOCYBINE,CN(C)CCc1c[nH]c2cccc(c12)OP(O)(O)=O
BENFOTIAMINE,Cc1ncc(c(n1)N)CN(C=O)\C(\C)=C(\CCOP(O)(O)=O)/SC(=O)c1ccccc1
BENTIAMINE,Cc1ncc(c(n1)N)CN(C=O)\C(\C)=C(\CCOC(=O)c1ccccc1)/SC(=O)c1ccccc1
BISBENTIAMINE,Cc1ncc(c(n1)N)CN(C=O)/C(/C)=C(\CCOC(=O)c1ccccc1)/SS/C(/CCOC(=O)c1ccccc1)=C(\C)/N(Cc1cnc(nc1N)C)C=O
CETOTIAMINE,CCOC(=O)OCC/C(/SC(=O)OCC)=C(\C)/N(Cc1cnc(nc1N)C)C=O
CYCOTIAMINE,Cc1ncc(c(n1)N)CN(C=O)\C(\C)=C1\CCOC(=O)S\1
FURSULTIAMINE,Cc1ncc(c(n1)N)CN(C=O)/C(/C)=C(\CCO)/SSCC1CCCO1
ACEFURTIAMINE,CC(=O)OCC(=O)OCC/C(/SC(=O)c1occc1)=C(/C)\N(Cc1cnc(nc1N)C)C=O
ACETIAMINE,CC(=O)OCC/C(/SC(C)=O)=C(\C)/N(Cc1cnc(nc1N)C)C=O
BEMEGRIDE,CCC1(C)CC(=O)NC(=O)C1
CAFEDRINE,CC(NCCn1cnc2c1C(=O)N(C)C(=O)N2C)C(O)c1ccccc1
CAMPHOR,CC1(C)[C@@H]2CC[C@@]1(C)C(=O)C2
CROPROPAMIDE,CCCN(C(CC)C(=O)N(C)C)C(=O)/C=C/C
CROTETAMIDE,CCC(N(CC)C(=O)/C=C/C)C(=O)N(C)C
DOXAPRAM,CCN1CC(CCN2CCOCC2)C(C1=O)(c1ccccc1)c1ccccc1
ENDOMIDE,CCN(CC)C(=O)[C@@H]1C2CC(C=C2)[C@H]1C(=O)N(CC)CC
NIKETHAMIDE,CCN(CC)C(=O)c1cccnc1
PYROVALERONE,CCCC(N1CCCC1)C(=O)c1ccc(cc1)C
NEFOPAM,CN1CCOC(c2ccccc2)c2ccccc2C1
PHENACETIN,CCOc1ccc(cc1)NC(C)=O
ACETAMINOSALOL,CC(=O)Nc1ccc(cc1)OC(=O)c1ccccc1O
METACETAMOL,CC(=O)Nc1cccc(c1)O
SUMACETAMOL,CSCCC(NC(C)=O)C(=O)Oc1ccc(cc1)NC(C)=O
PARACETAMOL,CC(=O)Nc1ccc(cc1)O
PARAPROPAMOL,CCC(=O)Nc1ccc(cc1)O
PIDOLACETAMOL,CC(=O)Nc1ccc(cc1)OC(=O)[C@@H]1CCC(=O)N1
PROPACETAMOL,CCN(CC)CC(=O)Oc1ccc(cc1)NC(C)=O
TRICLACETAMOL,Oc1ccc(cc1)NC(=O)C(Cl)(Cl)Cl
LORATADINE,CCOC(=O)N1CCC(CC1)=C1c2ccc(cc2CCc2cccnc12)Cl
GALANTAMINE,COc1ccc2c3c1O[C@H]1C[C@@H](O)C=C[C@]13CCN(C)C2
QUILOSTIGMINE,CN1CC[C@]2(C)C1N(C)c1ccc(cc21)OC(=O)N1CCc2ccccc2C1
DEZINAMIDE,NC(=O)N1CC(C1)Oc1cccc(c1)C(F)(F)F
ALAPROCLATE,CC(N)C(=O)OC(C)(C)Cc1ccc(cc1)Cl
ALLOMETHADIONE,CC1OC(=O)N(CC=C)C1=O
AMINOGLUTETHIMIDE,CCC1(CCC(=O)NC1=O)c1ccc(cc1)N
AMYLENE-HYDRATE,CCC(C)(C)O
ILEPCIMIDE,O=C(/C=C/c1ccc2c(c1)OCO2)N1CCCCC1
ATOLIDE,CCN(CC)c1ccc(c(c1)C)NC(=O)c1ccccc1N
BECLAMIDE,ClCCC(=O)NCc1ccccc1
BROSOTAMIDE,Cc1cc(cc(c1O)C(N)=O)Br
BROSUXIMIDE,Brc1cccc(c1)C1CC(=O)NC1=O
CARBAMAZEPINE,NC(=O)N1c2ccccc2C=Cc2ccccc12
CARBOCLORAL,CCOC(=O)NC(O)C(Cl)(Cl)Cl
RUFINAMIDE,NC(=O)c1cn(nn1)Cc1c(cccc1F)F
CINROMIDE,CCNC(=O)/C=C/c1cccc(c1)Br
CITENAMIDE,NC(=O)C1c2ccccc2C=Cc2ccccc21
CLOMETHIAZOLE,Cc1ncsc1CCCl
LODAXAPRINE,OC1CCN(CC1)c1ccc(nn1)c1ccccc1Cl
CYHEPTAMIDE,NC(=O)C1c2ccccc2CCc2ccccc21
RETIGABINE,CCOC(=O)Nc1ccc(cc1N)NCc1ccc(cc1)F
SORETOLIDE,Cc1onc(c1)NC(=O)c1c(cccc1C)C
DECIMEMIDE,CCCCCCCCCCOc1c(cc(cc1OC)C(N)=O)OC
DENZIMOL,OC(Cn1ccnc1)c1ccc(cc1)CCc1ccccc1
DIMETHADIONE,CC1(C)OC(=O)NC1=O
DIOXAMATE,CCCCCCCCCC1(C)OCC(COC(N)=O)O1
GANAXOLONE,CC(=O)[C@H]1CCC2C3CC[C@H]4C[C@](C)(O)CC[C@]4(C)C3CC[C@@]21C
FENACLON,ClCCC(=O)NCCc1ccccc1
FLUZINAMIDE,CNC(=O)N1CC(C1)Oc1cccc(c1)C(F)(F)F
GABAPENTIN,NCC1(CCCCC1)CC(O)=O
GABOXADOL,Oc1noc2c1CCNC2
GACYCLIDINE,CC1CCCCC1(N1CCCCC1)c1sccc1
LAMOTRIGINE,Nc1nnc(c(n1)N)c1cccc(c1Cl)Cl
LORECLEZOLE,Clc1ccc(c(c1)Cl)/C(/Cl)=C/n1cncn1
LOSIGAMONE,COC1=CC(=O)O[C@@H]1[C@@H](O)c1ccccc1Cl
AMELTOLIDE,Cc1cccc(c1NC(=O)c1ccc(cc1)N)C
MESUXIMIDE,CN1C(=O)CC(C)(C1=O)c1ccccc1
MILACEMIDE,CCCCCNCC(N)=O
MORSUXIMIDE,CC1(CC(=O)N(CN2CCOCC2)C1=O)c1ccccc1
NABAZENIL,CCCCCC(C)C(C)c1cc(c2c(c1)OC(C)(C)C1=C2CC(C)CC1)OC(=O)CCCN1CCCCCC1
NAFIMIDONE,O=C(Cn1ccnc1)c1ccc2ccccc2c1
NONAPYRIMINE,CCCCCCCCCNc1ncnc2[nH]ccc12
OXCARBAZEPINE,NC(=O)N1c2ccccc2CC(=O)c2ccccc12
PARAMETHADIONE,CCC1(C)OC(=O)N(C)C1=O
PREGABALIN,CC(C)C[C@H](CN)CC(O)=O
PHENACEMIDE,NC(=O)NC(=O)Cc1ccccc1
PHENETURIDE,CCC(C(=O)NC(N)=O)c1ccccc1
PHENSUXIMIDE,CN1C(=O)CC(C1=O)c1ccccc1
PIVAGABINE,CC(C)(C)C(=O)NCCCC(O)=O
RILUZOLE,Nc1sc2cc(ccc2n1)OC(F)(F)F
PRIMIDONE,CCC1(C(=O)NCNC1=O)c1ccccc1
PROGABIDE,NC(=O)CCC\N=C(/c1ccc(cc1)Cl)\c1cc(ccc1O)F
SABELUZOLE,CN(C1CCN(CC1)CC(O)COc1ccc(cc1)F)c1sc2ccccc2n1
RALITOLINE,CN1C(=O)CS\C\1=C/C(=O)Nc1c(cccc1Cl)C
REMACEMIDE,CC(Cc1ccccc1)(NC(=O)CN)c1ccccc1
ROPIZINE,Cc1cccc(n1)\C=N\N1CCN(CC1)C(c1ccccc1)c1ccccc1
SUCLOFENIDE,NS(=O)(=O)c1ccc(c(c1)Cl)N1C(=O)CC(C1=O)c1ccccc1
SULTIAME,NS(=O)(=O)c1ccc(cc1)N1CCCCS1(=O)=O
TALTRIMIDE,CC(C)NS(=O)(=O)CCN1C(=O)c2ccccc2C1=O
TOPIRAMATE,CC1(C)O[C@@H]2CO[C@@]3(COS(N)(=O)=O)OC(C)(C)O[C@H]3[C@@H]2O1
TRIMETHADIONE,CN1C(=O)OC(C)(C)C1=O
VALPROIC-ACID,CCCC(CCC)C(O)=O
VALPROMIDE,CCCC(CCC)C(N)=O
VALPROATE-PIVOXIL,CCCC(CCC)C(=O)OCOC(=O)C(C)(C)C
VIGABATRIN,NC(CCC(O)=O)C=C
ZONICLEZOLE,CC(n1ccnc1)c1noc2ccc(cc12)Cl
ZONISAMIDE,NS(=O)(=O)Cc1noc2ccccc12
BROFOXINE,CC1(C)OC(=O)Nc2ccc(cc12)Br
MEXILETINE,CC(N)COc1c(cccc1C)C
PIRIQUALONE,Cc1ccccc1N1C(=Nc2ccccc2C1=O)\C=C/c1ccccn1
NAPITANE,C1CC(CN2CCC(C2)c2ccccc2)c2ccc3c(c2C1)OCO3
ALNESPIRONE,CCCN(CCCCN1C(=O)CC2(CCCC2)CC1=O)[C@@H]1COc2cccc(c2C1)OC
AMEDALIN,CNCCCC1(C)C(=O)N(c2ccccc2)c2ccccc12
AMIXETRINE,CC(C)CCOC(CN1CCCC1)c1ccccc1
AZALOXAN,O=C1NCCN1C1CCN(CC[C@H]2COc3ccccc3O2)CC1
AZEPINDOLE,C1CNCc2cc3ccccc3n2C1
AZIPRAMINE,CN(CCc1cc2cccc3c2n1c1ccccc1CC3)Cc1ccccc1
BEFURALINE,O=C(N1CCN(CC1)Cc1ccccc1)c1oc2ccccc2c1
BENMOXIN,CC(NNC(=O)c1ccccc1)c1ccccc1
BENZAPRINOXIDE,C[N+](C)([O-])CC\C=C1\c2ccccc2C=Cc2c(cccc\12)Cl
BIFEMELANE,CNCCCCOc1ccccc1Cc1ccccc1
BINEDALINE,CN(C)CCN(C)n1cc(c2ccccc12)c1ccccc1
BIPENAMOL,NCc1ccccc1Sc1ccccc1CO
SIBUTRAMINE,CC(C)CC(N(C)C)C1(CCC1)c1ccc(cc1)Cl
BUDIPINE,CC(C)(C)N1CCC(CC1)(c1ccccc1)c1ccccc1
BUPROPION,CC(NC(C)(C)C)C(=O)c1cccc(c1)Cl
BUTACETIN,CC(=O)Nc1ccc(cc1)OC(C)(C)C
CAPROXAMINE,CCCCC/C(=N/OCCN)/c1ccc(c(c1)N)C
CARBENZIDE,CCOC(=O)NNC(C)c1ccccc1
CAROXAZONE,NC(=O)CN1Cc2ccccc2OC1=O
CARPIPRAMINE,NC(=O)C1(CCN(CCCN2c3ccccc3CCc3ccccc23)CC1)N1CCCCC1
CARTAZOLATE,CCCCNc1c(cnc2n(ncc12)CC)C(=O)OCC
CIANOPRAMINE,CN(C)CCCN1c2ccccc2CCc2ccc(cc12)C#N
CICLAZINDOL,OC1(c2cccc(c2)Cl)c2ccccc2N2CCCN=C21
CICLINDOLE,CN(C)C1CCc2[nH]c3ccccc3c2C1
CILOBAMINE,CC(C)N[C@@H]1C2CCC(CC2)[C@@]1(O)c1ccc(c(c1)Cl)Cl
CINFENINE,CN(CCOC(c1ccccc1)c1ccccc1)C/C=C/c1ccccc1
CITALOPRAM,CN(C)CCCC1(OCc2cc(ccc12)C#N)c1ccc(cc1)F
CLEMEPROL,CN(C)CC(O)C(c1ccccc1)c1cccc(c1)Cl
CLODAZON,CN(C)CCCN1C(=O)N(c2ccccc2)c2cc(ccc12)Cl
CLOFENCICLAN,CCN(CC)CCOC1(CCCCC1)c1ccc(cc1)Cl
CLOVOXAMINE,COCCCC\C(=N/OCCN)\c1ccc(cc1)Cl
COTININE,CN1[C@@H](CCC1=O)c1cccnc1
CYPENAMINE,NC1CCCC1c1ccccc1
CYPROLIDOL,OC(C1CC1c1ccncc1)(c1ccccc1)c1ccccc1
DALEDALIN,CNCCCC1(C)CN(c2ccccc2)c2ccccc12
DANITRACEN,CN1CCC(CC1)=C1c2ccccc2C(O)c2ccccc12
DAZADROL,OC(C1=NCCN1)(c1ccc(cc1)Cl)c1ccccn1
DAZEPINIL,CN1C(Cc2ccccc2N=C1C)c1ccccc1
DELFAPRAZINE,Cc1ccc(c(c1)N1CCNCC1)Cc1ccccc1
DESIPRAMINE,CNCCCN1c2ccccc2CCc2ccccc12
DEXAMISOLE,C1CN2C[C@H](N=C2S1)c1ccccc1
DEXIMAFEN,C1CN2C(CN=C2N1)c1ccccc1
DEXOXADROL,C1CCC(NC1)C1COC(O1)(c1ccccc1)c1ccccc1
DICLOFENSINE,COc1ccc2c(c1)CN(C)CC2c1ccc(c(c1)Cl)Cl
DIMETACRINE,CN(C)CCCN1c2ccccc2C(C)(C)c2ccccc12
DIOXADROL,C1CCC(NC1)C1COC(O1)(c1ccccc1)c1ccccc1
DOSULEPIN,CN(C)CC\C=C1\c2ccccc2CSc2ccccc\12
OMILOXETINE,Fc1ccc(cc1)C1CCN(CC1COc1ccc2c(c1)OCO2)CC(=O)c1ccc(cc1)F
ROBALZOTAN,NC(=O)c1ccc(c2c1C[C@H](CO2)N(C1CCC1)C1CCC1)F
ECLANAMINE,CCC(=O)N([C@@H]1CCC[C@H]1N(C)C)c1ccc(c(c1)Cl)Cl
ELANZEPINE,CN(C)CC\C=C1\c2ccccc2CNc2cc(ccc\12)Cl
ELTOPRAZINE,C1CN(CCN1)c1cccc2c1OCCO2
ENCYPRATE,CCOC(=O)N(Cc1ccccc1)C1CC1
ETRABAMINE,CNC1CCc2ncsc2C1
FANTRIDONE,CN(C)CCCN1C(=O)c2ccccc2c2ccccc12
FEMOXETINE,COc1ccc(cc1)OC[C@H]1CN(C)CCC1c1ccccc1
FENGABINE,CCCC\N=C(\c1cc(ccc1O)Cl)/c1ccccc1Cl
FENMETOZOLE,Clc1ccc(cc1Cl)OCC1=NCCN1
FENMETRAMIDE,CC1NC(=O)COC1c1ccccc1
FENPENTADIOL,CC(C)(O)CC(C)(O)c1ccc(cc1)Cl
SIFAPRAZINE,CN1CCN(CC1)c1ccccc1Cc1ccccc1
FIPEXIDE,Clc1ccc(cc1)OCC(=O)N1CCN(CC1)Cc1ccc2c(c1)OCO2
FLEROBUTEROL,CC(C)(C)NCC(O)c1ccccc1F
FLUACIZINE,CCN(CC)CCC(=O)N1c2ccccc2Sc2ccc(cc12)C(F)(F)F
FLUBANILATE,CCOC(=O)N(CCN(C)C)c1cccc(c1)C(F)(F)F
FLUOXETINE,CNCCC(Oc1ccc(cc1)C(F)(F)F)c1ccccc1
FLURADOLINE,CNCCSC1=Cc2ccccc2Oc2ccc(cc12)F
FLUVOXAMINE,COCCCC/C(=N/OCCN)/c1ccc(cc1)C(F)(F)F
GAMFEXINE,CN(C)CCC(C1CCCCC1)c1ccccc1
GUANOXYFEN,N\C(=N)\NCCCOc1ccccc1
HEPZIDINE,CN1CCC(CC1)OC1c2ccccc2CCc2ccccc12
MOXIRAPRINE,Cc1cc(nnc1NCCN1CCOCC1)c1ccc(cc1)O
HOMOPIPRAMOL,OCCN1CCCN(CCCN2c3ccccc3C=Cc3ccccc23)CC1
IFOXETINE,Cc1cccc(c1C)O[C@H]1CCNC[C@H]1O
IMAFEN,C1CN2C(CN=C2N1)c1ccccc1
INDELOXAZINE,C1COC(CN1)COc1cccc2c1CC=C2
IPRINDOLE,CN(C)CCCn1c2c(c3ccccc13)CCCCCC2
IVOQUALINE,COc1ccc2nccc(c2c1)CCC[C@@H]1CCNC[C@H]1C=C
CERICLAMINE,CN(C)C(C)(CO)Cc1ccc(c(c1)Cl)Cl
LEVOXADROL,C1CCC(NC1)C1COC(O1)(c1ccccc1)c1ccccc1
EPROBEMIDE,Clc1ccc(cc1)C(=O)NCCCN1CCOCC1
LITRACEN,CNCCC=C1c2ccccc2C(C)(C)c2ccccc12
LORTALAMINE,CN1CC[C@]23NC(=O)C[C@H]([C@H]2C1)c1cc(ccc1O3)Cl
LOSINDOLE,CN1C[C@@H]2Cc3ccc(cc3[C@H]([C@@H]2C1)c1ccccc1)Cl
DEXNAFENODONE,CN(C)CC[C@@]1(CCc2ccccc2C1=O)c1ccccc1
DAPOXETINE,CN(C)[C@@H](CCOc1cccc2ccccc21)c1ccccc1
DULOXETINE,CNCC[C@H](Oc1cccc2ccccc12)c1sccc1
MAZINDOL,OC1(N2CCN=C2c2ccccc12)c1ccc(cc1)Cl
SURITOZOLE,CN1N=C(N(C)C1=S)c1cccc(c1)F
MELITRACEN,CN(C)CCC=C1c2ccccc2C(C)(C)c2ccccc12
METRALINDOLE,COc1ccc2n3c4c(c2c1)CCN=C4N(C)CC3
MIANSERIN,CN1CCN2C(C1)c1ccccc1Cc1ccccc21
MILNACIPRAN,CCN(CC)C(=O)[C@@]1(C[C@@H]1CN)c1ccccc1
MODALINE,Cc1nccnc1N1CCCCC1
MONOMETACRINE,CNCCCN1c2ccccc2C(C)(C)c2ccccc12
NAFENODONE,CN(C)CCC1(CCc2ccccc2C1=O)c1ccccc1
NAPACTADINE,CN\C(\Cc1ccc2ccccc2c1)=N/C
NAPAMEZOLE,C1CN=C(CC2=Cc3ccccc3CC2)N1
NEFAZODONE,CCC1=NN(CCCN2CCN(CC2)c2cccc(c2)Cl)C(=O)N1CCOc1ccccc1
NISOXETINE,CNCCC(Oc1ccccc1OC)c1ccccc1
NITRAFUDAM,N\C(=N)\c1oc(cc1)c1ccccc1[N+]([O-])=O
NOMELIDINE,CNC\C=C(\c1ccc(cc1)Br)/c1cccnc1
NOMIFENSINE,CN1CC(c2ccccc2)c2cccc(c2C1)N
FASORACETAM,O=C1CC[C@@H](N1)C(=O)N1CCCCC1
NUCLOTIXENE,Clc1ccc2c(c1)\C(=C/C1CN3CCC1CC3)\c1ccccc1S2
OPIPRAMOL,OCCN1CCN(CCCN2c3ccccc3C=Cc3ccccc23)CC1
OXAFLOZANE,CC(C)N1CCOC(C1)c1cccc(c1)C(F)(F)F
OXITRIPTAN,N[C@@H](Cc1c[nH]c2ccc(cc12)O)C(O)=O
PARAXAZONE,NC(=O)CN1C(=O)COc2ccccc12
PAROXETINE,Fc1ccc(cc1)C1CCNCC1COc1ccc2c(c1)OCO2
PERAFENSINE,C1CN(CCN1)c1cc2ccccc2c(n1)c1ccccc1
PHACETOPERANE,CC(=O)OC(C1CCCCN1)c1ccccc1
PIBERALINE,O=C(N1CCN(CC1)Cc1ccccc1)c1ccccn1
PIPOFEZINE,CN1CCN(CC1)c1cc2c(nn1)Oc1ccccc1N2C
PIRLINDOLE,Cc1ccc2n3c4c(c2c1)CCCC4NCC3
PIZOTIFEN,CN1CCC(CC1)=C1c2ccsc2CCc2ccccc12
PRAZITONE,O=C1NC(=O)C(CC2CCCCN2)(C(=O)N1)c1ccccc1
PRIDEFINE,CCN1CCC(C1)=C(c1ccccc1)c1ccccc1
QUINUPRAMINE,C1CN2CCC1C(C2)N1c2ccccc2CCc2ccccc12
REBOXETINE,CCOc1ccccc1OC(C1CNCCO1)c1ccccc1
ROFELODINE,O=C1CCN=C2CC(CN12)c1ccccc1
ROLICYPRINE,O=C1CCNC1C(=O)N[C@H]1CC1c1ccccc1
SEPROXETINE,NCC[C@H](Oc1ccc(cc1)C(F)(F)F)c1ccccc1
SERTRALINE,CN[C@H]1CC[C@@H](c2ccc(c(c2)Cl)Cl)c2ccccc21
LITOXETINE,C1CC(CCN1)OCc1ccc2ccccc2c1
SPICLAMINE,Clc1ccc(cc1)[C@@H]1[C@H]2CC[C@@H](C2)C21CCC(=N2)N1CCOCC1
SULPIRIDE,CCN1CCCC1CNC(=O)c1cc(ccc1OC)S(N)(=O)=O
SULTOPRIDE,CCN1CCCC1CNC(=O)c1cc(ccc1OC)S(=O)(=O)CC
TALOPRAM,CNCCCC1(OC(C)(C)c2ccccc12)c1ccccc1
TALSUPRAM,CNCCCC1(SC(C)(C)c2ccccc12)c1ccccc1
TAMETRALINE,CN[C@@H]1CC[C@@H](c2ccccc2)c2ccccc12
TAMPRAMINE,CN(C)CCCN1c2ccccc2C(=Nc2cccnc12)c1ccccc1
TANDAMINE,CCn1c2ccccc2c2c1C(C)(CCN(C)C)SCC2
TIAZESIM,CN(C)CCN1C(=O)CC(Sc2ccccc12)c1ccccc1
TIFEMOXONE,S=C1NCCC(COc2ccccc2)O1
TIFLUCARBINE,CCN1CCc2[nH]c3cc(c4scc(c4c3c2C1)C)F
TIMIRDINE,Nc1cc(ccc1N1CCS\C\1=N)Cl
TIOMERGINE,CN1C[C@H](CSc2ccccn2)C=C2[C@H]1Cc1c[nH]c3cccc2c13
TISOCROMIDE,COc1cc2c(cc1OC)S(=O)(=O)OC(C2)C(=O)NC(C)CC(C)(C)N(C)C
TOFENACIN,CNCCOC(c1ccccc1)c1ccccc1C
TOLQUINZOLE,CCC1(O)CCN2CCc3ccc(cc3C2C1)C
TOMOXETINE,CNCCC(Oc1ccccc1C)c1ccccc1
TOZALINONE,CN(C)C1=NC(=O)C(O1)c1ccccc1
TREBENZOMINE,CC1Oc2ccccc2CC1N(C)C
TRIZOXIME,N\C(=N/O)\C1=NNc2ccccc2N(Cc2ccccc2)C1=O
TROCIMINE,COc1cc(cc(c1OC)OC)C(=O)N1CCCCCCC1
L-TRYPTOPHAN,N[C@@H](Cc1c[nH]c2ccccc12)C(O)=O
VENLAFAXINE,COc1ccc(cc1)C(CN(C)C)C1(O)CCCCC1
VILOXAZINE,CCOc1ccccc1OCC1CNCCO1
VIQUALINE,COc1ccc2nccc(c2c1)CCC[C@@H]1CCNC[C@@H]1C=C
NEBRACETAM,NCC1CN(Cc2ccccc2)C(=O)C1
ZAFULEPTINE,CC(C)C(CCCCCC(O)=O)NCc1ccc(cc1)F
ZIMELDINE,CN(C)C\C=C(\c1ccc(cc1)Br)/c1cccnc1
ZOMETAPINE,Cn1nc(c2c1NCCN=C2c1cccc(c1)Cl)C
AMESERGIDE,CC(C)n1cc2c3c(cccc13)[C@H]1C[C@H](CN(C)[C@@H]1C2)C(=O)NC1CCCCC1
INDOMETACIN,COc1ccc2n(c(c(c2c1)CC(O)=O)C)C(=O)c1ccc(cc1)Cl
AMANTADINE,NC12CC3CC(CC(C3)C1)C2
APOMORPHINE,CN1CCc2cccc3c2[C@H]1Cc1ccc(c(c31)O)O
BUFENADRINE,CN(C)CCOC(c1ccccc1)c1ccccc1C(C)(C)C
CARMANTADINE,OC(=O)C1CCN1C12CC3CC(CC(C3)C1)C2
CILADOPA,COc1ccc(cc1OC)[C@H](O)CN1CCN(CC1)C1=CC=CC=CC1=O
DELERGOTRILE,CN1C[C@@H](CC#N)C[C@H]2[C@H]1Cc1c[nH]c3cccc2c13
DEPRAMINE,CN(C)CCCN1c2ccccc2C=Cc2ccccc12
DOPAMANTINE,Oc1ccc(cc1O)CCNC(=O)C12CC3CC(CC(C3)C1)C2
MEMANTINE,CC12CC3CC(C)(C1)CC(N)(C3)C2
ROPINIROLE,CCCN(CCC)CCc1cccc2c1CC(=O)N2
LEVODOPA,N[C@@H](Cc1ccc(c(c1)O)O)C(O)=O
AZIDAMFENICOL,OCC(NC(=O)CN=[N+]=[N-])C(O)c1ccc(cc1)[N+]([O-])=O
CETOFENICOL,CC(=O)c1ccc(cc1)[C@@H](O)[C@@H](CO)NC(=O)C(Cl)Cl
CHLORAMPHENICOL,OC[C@@H](NC(=O)C(Cl)Cl)[C@H](O)c1ccc(cc1)[N+]([O-])=O
FLORFENICOL,CS(=O)(=O)c1ccc(cc1)[C@@H](O)[C@@H](CF)NC(=O)C(Cl)Cl
RACEFENICOL,CS(=O)(=O)c1ccc(cc1)C(O)C(CO)NC(=O)C(Cl)Cl
FOSFOMYCIN,C[C@@H]1O[C@@H]1P(O)(O)=O
THIAMPHENICOL,CS(=O)(=O)c1ccc(cc1)[C@@H](O)[C@@H](CO)NC(=O)C(Cl)Cl
DAPSONE,Nc1ccc(cc1)S(=O)(=O)c1ccc(cc1)N
METRONIDAZOLE,NC(=O)Nc1ccc(cc1)S(=O)(=O)c1ccc(cc1)N
ORNIDAZOLE,CC(=O)Nc1ccc(cc1)S(=O)(=O)c1ccc(cc1)NC(C)=O
SULFADIAZINE,Cc1ncc(n1CCO)[N+]([O-])=O
SULFAMETHOXAZOLE,Nc1ccc(cc1)S(=O)(=O)Nc1ncccn1
TIABENDAZOLE,Cc1onc(c1)NS(=O)(=O)c1ccc(cc1)N
TINIDAZOLE,[nH]1c2ccccc2nc1c1cscn1
TRIMETHOPRIM,COc1cc(cc(c1OC)OC)Cc1cnc(nc1N)N
TRIMETREXATE,COc1cc(cc(c1OC)OC)NCc1ccc2nc(nc(c2c1C)N)N
FLUCONAZOLE,OC(Cn1cncn1)(Cn1cncn1)c1ccc(cc1F)F
FLUCYTOSINE,NC1=NC(=O)NC=C1F
MICONAZOLE,Clc1ccc(c(c1)Cl)COC(Cn1ccnc1)c1ccc(cc1Cl)Cl
ACICLOVIR,NC1=Nc2n(cnc2C(=O)N1)COCCO
PENCICLOVIR,NC1=Nc2n(cnc2C(=O)N1)CCC(CO)CO
FAMCICLOVIR,CC(=O)OCC(CCn1cnc2cnc(nc12)N)COC(C)=O
BUCICLOVIR,NC1=Nc2n(cnc2C(=O)N1)CC[C@@H](O)CO
DESCICLOVIR,Nc1ncc2ncn(c2n1)COCCO
VALGANCICLOVIR,CC(C)[C@H](N)C(=O)OCC(CO)OCn1cnc2c1N=C(N)NC2=O
GANCICLOVIR,NC1=Nc2n(cnc2C(=O)N1)COC(CO)CO
ROCICLOVIR,CC(C)OCC(COC(C)C)OCn1cnc2cnc(nc12)N
VALACICLOVIR,CC(C)[C@H](N)C(=O)OCCOCn1cnc2c1N=C(N)NC2=O
ADINAZOLAM,CN(C)Cc1nnc2n1c1ccc(cc1C(=NC2)c1ccccc1)Cl
ALPRAZOLAM,Cc1nnc2n1c1ccc(cc1C(=NC2)c1ccccc1)Cl
ARFENDAZAM,CCOC(=O)N1CCC(=O)N(c2ccccc2)c2cc(ccc12)Cl
BENTAZEPAM,O=C1CN=C(c2ccccc2)c2c(sc3c2CCCC3)N1
BROMAZEPAM,Brc1ccc2c(c1)C(=NCC(=O)N2)c1ccccn1
BROTIZOLAM,Cc1nnc2n1c1sc(cc1C(=NC2)c1ccccc1Cl)Br
CAMAZEPAM,CN(C)C(=O)OC1N=C(c2ccccc2)c2cc(ccc2N(C)C1=O)Cl
CARBURAZEPAM,CN1C(=O)CN(C(c2ccccc2)c2cc(ccc12)Cl)C(N)=O
CHLORDIAZEPOXIDE,CNC1=Nc2ccc(cc2C(=[N+]([O-])C1)c1ccccc1)Cl
CICLOTIZOLAM,Clc1ccccc1C1=NCc2nnc(n2c2sc(cc12)Br)C1CCCCC1
CINOLAZEPAM,OC1N=C(c2ccccc2F)c2cc(ccc2N(CCC#N)C1=O)Cl
CLAZOLAM,CN1C(=O)CN2CCc3ccccc3C2c2cc(ccc21)Cl
CLIMAZOLAM,Cc1ncc2n1c1ccc(cc1C(=NC2)c1ccccc1Cl)Cl
CLOBAZAM,CN1C(=O)CC(=O)N(c2ccccc2)c2cc(ccc21)Cl
CLONAZEPAM,[O-][N+](=O)c1ccc2c(c1)C(=NCC(=O)N2)c1ccccc1Cl
CLOTIAZEPAM,CCc1sc2c(c1)C(=NCC(=O)N2C)c1ccccc1Cl
CLOXAZOLAM,Clc1ccc2c(c1)C1(OCCN1CC(=O)N2)c1ccccc1Cl
CYPRAZEPAM,[O-][N+]1=C(c2ccccc2)c2cc(ccc2N=C(C1)NCC1CC1)Cl
DELORAZEPAM,Clc1ccc2c(c1)C(=NCC(=O)N2)c1ccccc1Cl
DEMOXEPAM,[O-][N+]1=C(c2ccccc2)c2cc(ccc2NC(=O)C1)Cl
DIAZEPAM,CN1C(=O)CN=C(c2ccccc2)c2cc(ccc12)Cl
DOXEFAZEPAM,OCCN1C(=O)C(O)N=C(c2ccccc2F)c2cc(ccc21)Cl
ELFAZEPAM,CCS(=O)(=O)CCN1C(=O)CN=C(c2ccccc2F)c2cc(ccc21)Cl
ESTAZOLAM,Clc1ccc2c(c1)C(=NCc1nncn12)c1ccccc1
ETIZOLAM,CCc1sc2c(c1)C(=NCc1nnc(n12)C)c1ccccc1Cl
FLETAZEPAM,Fc1ccccc1C1=NCCN(CC(F)(F)F)c2ccc(cc12)Cl
FLUDIAZEPAM,CN1C(=O)CN=C(c2ccccc2F)c2cc(ccc21)Cl
FLUNITRAZEPAM,CN1C(=O)CN=C(c2ccccc2F)c2cc(ccc21)[N+]([O-])=O
FLURAZEPAM,CCN(CC)CCN1C(=O)CN=C(c2ccccc2F)c2cc(ccc21)Cl
FLUTAZOLAM,OCCN1C(=O)CN2CCOC2(c2ccccc2F)c2cc(ccc21)Cl
FLUTOPRAZEPAM,Fc1ccccc1C1=NCC(=O)N(CC2CC2)c2ccc(cc21)Cl
FOSAZEPAM,CP(C)(=O)CN1C(=O)CN=C(c2ccccc2)c2cc(ccc21)Cl
GEDOCARNIL,COCc1c(ncc2[nH]c3cccc(c3c12)Oc1ccc(cc1)Cl)C(=O)OC(C)C
GIRISOPAM,COc1cc2c(cc1OC)C(=NN=C(C)C2)c1cccc(c1)Cl
NERISOPAM,COc1cc2c(cc1OC)C(=NN=C(C)C2)c1ccc(cc1)N
HALAZEPAM,FC(F)(F)CN1C(=O)CN=C(c2ccccc2)c2cc(ccc21)Cl
HALOXAZOLAM,Fc1ccccc1C12OCCN2CC(=O)Nc2ccc(cc21)Br
ICLAZEPAM,Clc1ccc2c(c1)C(=NCC(=O)N2CCOCC1CC1)c1ccccc1
KETAZOLAM,CN1C(=O)CN2C(=O)C=C(C)OC2(c2ccccc2)c2cc(ccc21)Cl
LOFENDAZAM,Clc1ccc2c(c1)N(C(=O)CCN2)c1ccccc1
ETHYL-LOFLAZEPATE,CCOC(=O)C1N=C(c2ccccc2F)c2cc(ccc2NC1=O)Cl
LOPIRAZEPAM,OC1N=C(c2ccccc2Cl)c2nc(ccc2NC1=O)Cl
LOPRAZOLAM,CN1CCN(CC1)\C=C1/N=C2CN=C(c3ccccc3Cl)c3cc(ccc3N2C/1=O)[N+]([O-])=O
LORAZEPAM,OC1N=C(c2ccccc2Cl)c2cc(ccc2NC1=O)Cl
LORMETAZEPAM,CN1C(=O)C(O)N=C(c2ccccc2Cl)c2cc(ccc21)Cl
MECLONAZEPAM,C[C@@H]1N=C(c2ccccc2Cl)c2cc(ccc2NC1=O)[N+]([O-])=O
MEDAZEPAM,CN1CCN=C(c2ccccc2)c2cc(ccc21)Cl
MENITRAZEPAM,CN1C(=O)CN=C(C2=CCCCC2)c2cc(ccc21)[N+]([O-])=O
METACLAZEPAM,COCC1CN=C(c2ccccc2Cl)c2cc(ccc2N1C)Br
MEXAZOLAM,CC1COC2(N1CC(=O)Nc1ccc(cc12)Cl)c1ccccc1Cl
MIDAZOLAM,Cc1ncc2n1c1ccc(cc1C(=NC2)c1ccccc1F)Cl
MOTRAZEPAM,COCN1C(=O)CN=C(c2ccccc2)c2cc(ccc21)[N+]([O-])=O
NIMETAZEPAM,CN1C(=O)CN=C(c2ccccc2)c2cc(ccc12)[N+]([O-])=O
NITRAZEPAM,[O-][N+](=O)c1ccc2c(c1)C(=NCC(=O)N2)c1ccccc1
NORDAZEPAM,Clc1ccc2c(c1)C(=NCC(=O)N2)c1ccccc1
NORTETRAZEPAM,Clc1ccc2c(c1)C(=NCC(=O)N2)C1=CCCCC1
OXAZEPAM,OC1N=C(c2ccccc2)c2cc(ccc2NC1=O)Cl
OXAZOLAM,CC1CN2CC(=O)Nc3ccc(cc3C2(O1)c1ccccc1)Cl
PANADIPLON,CC(C)N1C(=O)c2n(cnc2c2noc(n2)C2CC2)c2ccccc12
PINAZEPAM,Clc1ccc2c(c1)C(=NCC(=O)N2CC#C)c1ccccc1
PIVOXAZEPAM,CC(C)(C)C(=O)OC1N=C(c2ccccc2)c2cc(ccc2NC1=O)Cl
PRAZEPAM,Clc1ccc2c(c1)C(=NCC(=O)N2CC1CC1)c1ccccc1
PREMAZEPAM,Cn1cc2c(c1C)C(=NCC(=O)N2)c1ccccc1
PROFLAZEPAM,OCC(O)CN1C(=O)CN=C(c2ccccc2F)c2cc(ccc21)Cl
QUAZEPAM,Fc1ccccc1C1=NCC(=S)N(CC(F)(F)F)c2ccc(cc21)Cl
RECLAZEPAM,Clc1ccc2c(c1)C(=NCCN2C1=NC(=O)CO1)c1ccccc1Cl
RIPAZEPAM,CCn1nc(c2c1C(=NCC(=O)N2)c1ccccc1)C
FLUTEMAZEPAM,CN1C(=O)C(O)N=C(c2ccccc2F)c2cc(ccc12)Cl
SULAZEPAM,CN1C(=S)CN=C(c2ccccc2)c2cc(ccc21)Cl
TEMAZEPAM,CN1C(=O)C(O)N=C(c2ccccc2)c2cc(ccc21)Cl
TETRAZEPAM,CN1C(=O)CN=C(C2=CCCCC2)c2cc(ccc12)Cl
TOFISOPAM,CCC1C(=NN=C(c2ccc(c(c2)OC)OC)c2cc(c(cc12)OC)OC)C
TOLUFAZEPAM,Cc1ccc(cc1)S(=O)(=O)CCN1C(=O)CN=C(c2ccccc2Cl)c2cc(ccc21)Cl
TRIAZOLAM,Cc1nnc2n1c1ccc(cc1C(=NC2)c1ccccc1Cl)Cl
TRIFLUBAZAM,CN1C(=O)CC(=O)N(c2ccccc2)c2cc(ccc21)C(F)(F)F
TRIMOPAM,COc1cc2c(cc1OC)C(CN(C)CC2)c1ccccc1
TUCLAZEPAM,CN1C(CO)CN=C(c2ccccc2Cl)c2cc(ccc21)Cl
ULDAZEPAM,Clc1ccc2c(c1)C(=NCC(=N2)NOCC=C)c1ccccc1Cl
ZOLAZEPAM,Cn1nc(c2c1N(C)C(=O)CN=C2c1ccccc1F)C
ZOLPIDEM,CN(C)C(=O)Cc1n2c(nc1c1ccc(cc1)C)C=CC(=C2)C
PENTETRAZOL,C1CCn2nnnc2CC1
ACROCINONIDE,C[C@@]12C[C@H](O)[C@@]3(F)[C@@H](CCC4=CC(=O)C=C[C@@]43C)[C@@H]2C[C@H]2OC(O[C@]21C(=O)CO)C=C
ALCLOMETASONE,C[C@@H]1C[C@H]2[C@@H]3[C@H](Cl)CC4=CC(=O)C=C[C@]4(C)[C@H]3[C@@H](O)C[C@]2(C)[C@@]1(O)C(=O)CO
ALCLOMETASONE-DIPROPIONATE,CCC(=O)OCC(=O)[C@@]1(OC(=O)CC)[C@H](C)C[C@H]2[C@@H]3[C@H](Cl)CC4=CC(=O)C=C[C@]4(C)[C@H]3[C@@H](O)C[C@@]21C
ALGESTONE-ACETONIDE,CC(=O)[C@]12OC(C)(C)O[C@@H]2C[C@H]2[C@@H]3CCC4=CC(=O)CC[C@]4(C)[C@H]3CC[C@@]21C
ALGESTONE,CC(=O)[C@@]1(O)[C@H](O)C[C@H]2[C@@H]3CCC4=CC(=O)CC[C@]4(C)[C@H]3CC[C@@]21C
AMCINAFAL,CCC1(CC)O[C@@H]2C[C@H]3[C@@H]4CCC5=CC(=O)C=C[C@]5(C)[C@@]4(F)[C@@H](O)C[C@]3(C)[C@@]2(O1)C(=O)CO
AMCINAFIDE,CC1(O[C@@H]2C[C@H]3[C@@H]4CCC5=CC(=O)C=C[C@]5(C)[C@@]4(F)[C@@H](O)C[C@]3(C)[C@@]2(O1)C(=O)CO)c1ccccc1
AMCINONIDE,CC(=O)OCC(=O)[C@]12OC3(CCCC3)O[C@@H]2C[C@H]2[C@@H]3CCC4=CC(=O)C=C[C@]4(C)[C@@]3(F)[C@@H](O)C[C@@]21C
AMEBUCORT,CCCC(=O)O[C@@]1(CC[C@H]2[C@@H]3C[C@H](C)C4=CC(=O)CC[C@]4(C)[C@H]3[C@@H](O)C[C@@]21C)C(=O)COC(C)=O
BECLOMETASONE,C[C@H]1C[C@H]2[C@@H]3CCC4=CC(=O)C=C[C@]4(C)[C@@]3(Cl)[C@@H](O)C[C@]2(C)[C@@]1(O)C(=O)CO
BECLOMETASONE-DIPROPIONATE,CCC(=O)OCC(=O)[C@@]1(OC(=O)CC)[C@@H](C)C[C@H]2[C@@H]3CCC4=CC(=O)C=C[C@]4(C)[C@@]3(Cl)[C@@H](O)C[C@@]21C
BETAMETHASONE-ACETATE,C[C@H]1C[C@H]2[C@@H]3CCC4=CC(=O)C=C[C@]4(C)[C@@]3(F)[C@@H](O)C[C@]2(C)[C@@]1(O)C(=O)COC(C)=O
BETAMETHASONE,C[C@H]1C[C@H]2[C@@H]3CCC4=CC(=O)C=C[C@]4(C)[C@@]3(F)[C@@H](O)C[C@]2(C)[C@@]1(O)C(=O)CO
BETAMETHASONE-ACIBUTATE,CC(C)C(=O)O[C@@]1([C@@H](C)C[C@H]2[C@@H]3CCC4=CC(=O)C=C[C@]4(C)[C@@]3(F)[C@@H](O)C[C@@]21C)C(=O)COC(C)=O
BETAMETHASONE-BENZOATE,C[C@H]1C[C@H]2[C@@H]3CCC4=CC(=O)C=C[C@]4(C)[C@@]3(F)[C@@H](O)C[C@]2(C)[C@@]1(OC(=O)c1ccccc1)C(=O)CO
BETAMETHASONE-DIPROPIONATE,CCC(=O)OCC(=O)[C@@]1(OC(=O)CC)[C@@H](C)C[C@H]2[C@@H]3CCC4=CC(=O)C=C[C@]4(C)[C@@]3(F)[C@@H](O)C[C@@]21C
BETAMETHASONE-VALERATE,CCCCC(=O)O[C@@]1([C@@H](C)C[C@H]2[C@@H]3CCC4=CC(=O)C=C[C@]4(C)[C@@]3(F)[C@@H](O)C[C@@]21C)C(=O)CO
ULOBETASOL,CCC(=O)O[C@@]1([C@@H](C)CC2C3C[C@H](F)C4=CC(=O)C=C[C@]4(C)[C@@]3(F)[C@@H](O)C[C@@]21C)C(=O)CCl
BUDESONIDE,CCCC1O[C@H]2CC3C4CCC5=CC(=O)C=C[C@]5(C)C4[C@@H](O)C[C@]3(C)[C@@]2(O1)C(=O)CO
CHLOROPREDNISONE-ACETATE,CC(=O)OCC(=O)[C@@]1(O)CCC2C3C[C@H](Cl)C4=CC(=O)C=C[C@]4(C)C3C(=O)C[C@@]21C
CHLOROPREDNISONE,C[C@@]12C=CC(=O)C=C2[C@@H](Cl)CC2C3CC[C@](O)(C(=O)CO)[C@@]3(C)CC(=O)C21
CICLESONIDE,CC(C)C(=O)OCC(=O)[C@]12O[C@@H](O[C@@H]2C[C@H]2[C@@H]3CCC4=CC(=O)C=C[C@]4(C)[C@H]3[C@@H](O)C[C@@]21C)C1CCCCC1
CICORTONIDE,CC(=O)OCC(=O)[C@]12OC(C)(C)O[C@@H]2C[C@H]2C3CC(=C4C=C(CC[C@]4(C)[C@@]3(F)[C@@H](O)C[C@@]21C)OCCCl)C#N
CIPROCINONIDE,CC1(C)O[C@@H]2C[C@H]3C4C[C@H](F)C5=CC(=O)C=C[C@]5(C)[C@@]4(F)[C@@H](O)C[C@]3(C)[C@@]2(O1)C(=O)COC(=O)C1CC1
CLOBETASONE-BUTYRATE,CCCC(=O)O[C@@]1([C@@H](C)C[C@H]2[C@@H]3CCC4=CC(=O)C=C[C@]4(C)[C@@]3(F)C(=O)C[C@@]21C)C(=O)CCl
CLOBETASOL,C[C@H]1C[C@H]2C3CCC4=CC(=O)C=C[C@]4(C)[C@@]3(F)[C@@H](O)C[C@]2(C)[C@@]1(O)C(=O)CCl
CLOBETASONE,C[C@H]1C[C@H]2C3CCC4=CC(=O)C=C[C@]4(C)[C@@]3(F)C(=O)C[C@]2(C)[C@@]1(O)C(=O)CCl
CLOBETASOL-PROPIONATE,CCC(=O)O[C@@]1([C@@H](C)C[C@H]2[C@@H]3CCC4=CC(=O)C=C[C@]4(C)[C@@]3(F)[C@@H](O)C[C@@]21C)C(=O)CCl
CLOCORTOLONE-ACETATE,C[C@@H]1C[C@H]2C3C[C@H](F)C4=CC(=O)C=C[C@]4(C)[C@@]3(Cl)[C@@H](O)C[C@]2(C)[C@H]1C(=O)COC(C)=O
CLOCORTOLONE,C[C@@H]1C[C@H]2[C@@H]3C[C@H](F)C4=CC(=O)C=C[C@]4(C)[C@@]3(Cl)[C@@H](O)C[C@]2(C)[C@H]1C(=O)CO
CLOCORTOLONE-PIVALATE,C[C@@H]1C[C@H]2C3C[C@H](F)C4=CC(=O)C=C[C@]4(C)[C@@]3(Cl)[C@@H](O)C[C@]2(C)[C@H]1C(=O)COC(=O)C(C)(C)C
CLOPREDNOL,C[C@@]12C=CC(=O)C=C2C(=CC2[C@@H]3CC[C@](O)(C(=O)CO)[C@@]3(C)C[C@H](O)[C@@H]21)Cl
CLOTICASONE-PROPIONATE,CCC(=O)O[C@@]1([C@H](C)C[C@H]2[C@@H]3C[C@H](F)C4=CC(=O)C=C[C@]4(C)[C@@]3(F)[C@@H](O)C[C@@]21C)C(=O)SCCl
CLOTICASONE,C[C@@H]1C[C@H]2[C@@H]3C[C@H](F)C4=CC(=O)C=C[C@]4(C)[C@@]3(F)[C@@H](O)C[C@]2(C)[C@@]1(O)C(=O)SCCl
CORMETASONE-ACETATE,C[C@@H]1C[C@H]2C3CC(F)(F)C4=CC(=O)C=C[C@]4(C)[C@@]3(F)[C@@H](O)C[C@]2(C)[C@@]1(O)C(=O)COC(C)=O
CORMETASONE,C[C@@H]1C[C@H]2C3CC(F)(F)C4=CC(=O)C=C[C@]4(C)[C@@]3(F)[C@@H](O)C[C@]2(C)[C@@]1(O)C(=O)CO
HYDROCORTISONE-BUTEPRATE,CCCC(=O)OCC(=O)[C@]1(CC[C@H]2[C@@H]3CCC4=CC(=O)CC[C@]4(C)[C@H]3[C@@H](O)C[C@@]21C)OC(=O)CC
HYDROCORTISONE,C[C@@]12CCC(=O)C=C2CC[C@H]2[C@@H]3CC[C@](O)(C(=O)CO)[C@@]3(C)C[C@H](O)[C@@H]21
HYDROCORTISONE-ACETATE,CC(=O)OCC(=O)[C@@]1(O)CC[C@H]2[C@@H]3CCC4=CC(=O)CC[C@]4(C)[C@H]3[C@@H](O)C[C@@]21C
HYDROCORTISONE-BUTYRATE,CCCC(=O)O[C@@]1(CC[C@H]2[C@@H]3CCC4=CC(=O)CC[C@]4(C)[C@H]3[C@@H](O)C[C@@]21C)C(=O)CO
HYDROCORTISONE-CIPIONATE,C[C@@]12CCC(=O)C=C2CC[C@H]2[C@@H]3CC[C@](O)(C(=O)COC(=O)CCC4CCCC4)[C@@]3(C)C[C@H](O)[C@@H]21
HYDROCORTISONE-HEMISUCCINATE,C[C@@]12CCC(=O)C=C2CC[C@H]2[C@@H]3CC[C@](O)(C(=O)COC(=O)CCC(O)=O)[C@@]3(C)C[C@H](O)[C@@H]21
HYDROCORTISONE-VALERATE,CCCCC(=O)O[C@@]1(CC[C@H]2[C@@H]3CCC4=CC(=O)CC[C@]4(C)[C@H]3[C@@H](O)C[C@@]21C)C(=O)CO
CORTISONE-ACETATE,CC(=O)OCC(=O)[C@@]1(O)CC[C@H]2C3CCC4=CC(=O)CC[C@]4(C)[C@H]3C(=O)C[C@@]21C
CORTISONE,C[C@@]12CCC(=O)C=C2CC[C@H]2[C@@H]3CC[C@](O)(C(=O)CO)[C@@]3(C)CC(=O)[C@@H]21
CORTISUZOL,C[C@@H]1C[C@H]2C3C=C(C)C4=Cc5n(ncc5C[C@]4(C)[C@H]3[C@@H](O)C[C@]2(C)[C@@]1(O)C(=O)COC(=O)c1cccc(c1)S(O)(=O)=O)c1ccccc1
CORTIVAZOL,C[C@@H]1C[C@H]2C3C=C(C)C4=Cc5n(ncc5C[C@]4(C)[C@H]3[C@@H](O)C[C@]2(C)[C@@]1(O)C(=O)COC(C)=O)c1ccccc1
HYDROCORTISONE-ACEPONATE,CCC(=O)O[C@@]1(CC[C@H]2[C@@H]3CCC4=CC(=O)CC[C@]4(C)[C@H]3[C@@H](O)C[C@@]21C)C(=O)COC(C)=O
CORTODOXONE CORTIFEN,C[C@@]12CCC(=O)C=C2CC[C@@H]2[C@@H]1CC[C@@]1(C)[C@H]2CC[C@]1(O)C(=O)CO
DEFLAZACORT,CC(=O)OCC(=O)[C@]12N=C(C)O[C@@H]2CC2C3CCC4=CC(=O)C=C[C@]4(C)C3[C@@H](O)C[C@@]21C
DEPRODONE,CC(=O)[C@@]1(O)CCC2C3CCC4=CC(=O)C=C[C@]4(C)C3[C@@H](O)C[C@@]21C
DESCINOLONE-ACETONIDE,CC(=O)[C@]12OC(C)(C)O[C@@H]2C[C@H]2[C@@H]3CCC4=CC(=O)C=C[C@]4(C)[C@@]3(F)[C@@H](O)C[C@@]21C
DESCINOLONE,CC(=O)[C@@]1(O)[C@H](O)C[C@H]2[C@@H]3CCC4=CC(=O)C=C[C@]4(C)[C@@]3(F)[C@@H](O)C[C@@]21C
DESONIDE,CC1(C)O[C@@H]2C[C@H]3[C@@H]4CCC5=CC(=O)C=C[C@]5(C)[C@H]4[C@@H](O)C[C@]3(C)[C@@]2(O1)C(=O)CO
DESOXIMETASONE,C[C@@H]1C[C@H]2[C@@H]3CCC4=CC(=O)C=C[C@]4(C)[C@@]3(F)[C@@H](O)C[C@]2(C)[C@H]1C(=O)CO
DEXAMETHASONE-ACEFURATE,C[C@@H]1C[C@H]2C3CCC4=CC(=O)C=C[C@]4(C)[C@@]3(F)[C@@H](O)C[C@]2(C)[C@@]1(OC(=O)c1occc1)C(=O)COC(C)=O
DEXAMETHASONE-DIPROPIONATE,CCC(=O)OCC(=O)[C@@]1(OC(=O)CC)[C@H](C)CC2C3CCC4=CC(=O)C=C[C@]4(C)[C@@]3(F)[C@@H](O)C[C@@]21C
DEXAMETHASONE-ACETATE,C[C@@H]1CC2C3CCC4=CC(=O)C=C[C@]4(C)[C@@]3(F)[C@@H](O)C[C@]2(C)[C@@]1(O)C(=O)COC(C)=O
DEXAMETHASONE,C[C@@H]1C[C@H]2[C@@H]3CCC4=CC(=O)C=C[C@]4(C)[C@@]3(F)[C@@H](O)C[C@]2(C)[C@@]1(O)C(=O)CO
DICHLORISONE-ACETATE,CC(=O)OCC(=O)[C@@]1(O)CCC2C3CCC4=CC(=O)C=C[C@]4(C)[C@@]3(Cl)[C@@H](Cl)C[C@@]21C
DICHLORISONE,C[C@@]12C[C@H](Cl)[C@@]3(Cl)C(CCC4=CC(=O)C=C[C@@]43C)C2CC[C@]1(O)C(=O)CO
DIFLORASONE-DIACETATE,C[C@H]1C[C@H]2C3C[C@H](F)C4=CC(=O)C=C[C@]4(C)[C@@]3(F)[C@@H](O)C[C@]2(C)[C@@]1(OC(C)=O)C(=O)COC(C)=O
DIFLORASONE,C[C@H]1C[C@H]2C3C[C@H](F)C4=CC(=O)C=C[C@]4(C)[C@@]3(F)[C@@H](O)C[C@]2(C)[C@@]1(O)C(=O)CO
DIFLUCORTOLONE,C[C@@H]1C[C@H]2C3C[C@H](F)C4=CC(=O)C=C[C@]4(C)[C@@]3(F)[C@@H](O)C[C@]2(C)[C@H]1C(=O)CO
DIFLUCORTOLONE-PIVALATE,C[C@@H]1C[C@H]2C3C[C@H](F)C4=CC(=O)C=C[C@]4(C)[C@@]3(F)[C@@H](O)C[C@]2(C)[C@H]1C(=O)COC(=O)C(C)(C)C
DIFLUPREDNATE,CCCC(=O)O[C@@]1(CC[C@H]2C3C[C@H](F)C4=CC(=O)C=C[C@]4(C)[C@@]3(F)[C@@H](O)C[C@@]21C)C(=O)COC(C)=O
DIMESONE,C[C@@H]1CC2C3CCC4=CC(=O)C=C[C@]4(C)[C@@]3(F)[C@@H](O)C[C@]2(C)[C@@]1(C)C(=O)CO
DOMOPREDNATE,CCCC(=O)O[C@@]1(CCC[C@H]2[C@@H]3CCC4=CC(=O)C=C[C@]4(C)[C@H]3[C@@H](O)C[C@@]21C)C(C)=O
DOXIBETASOL,C[C@H]1CC2C3CCC4=CC(=O)C=C[C@]4(C)[C@@]3(F)[C@@H](O)C[C@]2(C)[C@@]1(O)C(C)=O
ROFLEPONIDE,CCC[C@@H]1O[C@@H]2C[C@H]3[C@@H]4C[C@H](F)C5=CC(=O)CC[C@]5(C)[C@@]4(F)[C@@H](O)C[C@]3(C)[C@@]2(O1)C(=O)CO
AMELOMETASONE,CCC(=O)O[C@@]1([C@@H](C)C[C@H]2[C@@H]3CCC4=CC(=O)C=C[C@]4(C)[C@@]3(F)[C@@H](O)C[C@@]21C)C(=O)COC
RESOCORTOL,CCC(=O)[C@@]1(O)CC[C@H]2[C@@H]3CCC4=CC(=O)CC[C@]4(C)[C@H]3[C@@H](O)C[C@@]21C
DROCINONIDE,CC1(C)O[C@@H]2CC3C4CC[C@H]5CC(=O)CC[C@]5(C)[C@@]4(F)[C@@H](O)C[C@]3(C)[C@@]2(O1)C(=O)CO
ENDRISONE,C[C@H]1C[C@H]2[C@@H]3CC[C@H](C(C)=O)[C@@]3(C)C[C@H](O)[C@@H]2[C@@]2(C)C=CC(=O)C=C12
FLUAZACORT,CC(=O)OCC(=O)[C@]12N=C(C)O[C@@H]2C[C@H]2[C@@H]3CCC4=CC(=O)C=C[C@]4(C)[C@@]3(F)[C@@H](O)C[C@@]21C
FLUCLOROLONE-ACETONIDE,CC1(C)O[C@@H]2CC3C4C[C@H](F)C5=CC(=O)C=C[C@]5(C)[C@@]4(Cl)[C@@H](Cl)C[C@]3(C)[C@@]2(O1)C(=O)CO
FLUDROCORTISONE-ACETATE,CC(=O)OCC(=O)[C@@]1(O)CCC2C3CCC4=CC(=O)CC[C@]4(C)[C@@]3(F)[C@@H](O)C[C@@]21C
FLUDROCORTISONE,C[C@@]12C[C@H](O)[C@@]3(F)[C@@H](CCC4=CC(=O)CC[C@@]43C)[C@@H]2CC[C@]1(O)C(=O)CO
FLUDROXYCORTIDE,CC1(C)O[C@@H]2CC3C4C[C@H](F)C5=CC(=O)CC[C@]5(C)C4[C@@H](O)C[C@]3(C)[C@@]2(O1)C(=O)CO
FLUMETASONE,C[C@@H]1CC2C3C[C@H](F)C4=CC(=O)C=C[C@]4(C)[C@@]3(F)[C@@H](O)C[C@]2(C)[C@@]1(O)C(=O)CO
FLUMETASONE-PIVALATE,C[C@@H]1CC2C3C[C@H](F)C4=CC(=O)C=C[C@]4(C)[C@@]3(F)[C@@H](O)C[C@]2(C)[C@@]1(O)C(=O)COC(=O)C(C)(C)C
FLUMOXONIDE,COC(OC)C(=O)[C@]12OC(C)(C)O[C@@H]2CC2C3C[C@H](F)C4=CC(=O)C=C[C@]4(C)[C@@]3(F)[C@@H](O)C[C@@]21C
FLUNISOLIDE-ACETATE,CC(=O)OCC(=O)[C@]12OC(C)(C)O[C@@H]2CC2C3C[C@H](F)C4=CC(=O)C=C[C@]4(C)C3[C@@H](O)C[C@@]21C
FLUNISOLIDE,CC1(C)O[C@@H]2CC3C4C[C@H](F)C5=CC(=O)C=C[C@]5(C)C4[C@@H](O)C[C@]3(C)[C@@]2(O1)C(=O)CO
FLUOCINOLONE-ACETONIDE,CC1(C)O[C@@H]2CC3C4C[C@H](F)C5=CC(=O)C=C[C@]5(C)[C@@]4(F)[C@@H](O)C[C@]3(C)[C@@]2(O1)C(=O)CO
FLUOCINOLONE,C[C@@]12C[C@H](O)[C@@]3(F)C(C[C@H](F)C4=CC(=O)C=C[C@@]43C)C2C[C@@H](O)[C@]1(O)C(=O)CO
FLUOCINONIDE,CC(=O)OCC(=O)[C@]12OC(C)(C)O[C@@H]2CC2C3C[C@H](F)C4=CC(=O)C=C[C@]4(C)[C@@]3(F)[C@@H](O)C[C@@]21C
FLUOCORTIN-BUTYL,CCCCOC(=O)C(=O)[C@H]1[C@H](C)CC2C3C[C@H](F)C4=CC(=O)C=C[C@]4(C)C3[C@@H](O)C[C@@]21C
FLUOCORTOLONE-CAPROATE,CCCCCC(=O)OCC(=O)[C@H]1[C@H](C)CC2C3C[C@H](F)C4=CC(=O)C=C[C@]4(C)C3[C@@H](O)C[C@@]21C
FLUOCORTIN,C[C@@H]1CC2C3C[C@H](F)C4=CC(=O)C=C[C@]4(C)C3[C@@H](O)C[C@]2(C)[C@H]1C(=O)C(O)=O
FLUOCORTOLONE,C[C@@H]1CC2C3C[C@H](F)C4=CC(=O)C=C[C@]4(C)C3[C@@H](O)C[C@]2(C)[C@H]1C(=O)CO
FLUOROMETHOLONE-ACETATE,C[C@H]1CC2C3CC[C@](OC(C)=O)(C(C)=O)[C@@]3(C)C[C@H](O)[C@]2(F)[C@@]2(C)C=CC(=O)C=C12
FLUOROMETHOLONE,C[C@H]1C[C@H]2[C@@H]3CC[C@](O)(C(C)=O)[C@@]3(C)C[C@H](O)[C@]2(F)[C@@]2(C)C=CC(=O)C=C12
FLUPEROLONE-ACETATE,C[C@H](OC(C)=O)C(=O)[C@@]1(O)CC[C@H]2[C@@H]3CCC4=CC(=O)C=C[C@]4(C)[C@@]3(F)[C@@H](O)C[C@@]21C
FLUPEROLONE,CC(O)C(=O)[C@@]1(O)CC[C@H]2[C@@H]3CCC4=CC(=O)C=C[C@]4(C)[C@@]3(F)[C@@H](O)C[C@@]21C
FLUPREDNIDENE,C[C@@]12C[C@H](O)[C@@]3(F)C(CCC4=CC(=O)C=C[C@@]43C)C2CC(=C)[C@]1(O)C(=O)CO
FLUPREDNISOLONE-VALERATE,CCCCC(=O)O[C@@]1(CC[C@H]2[C@@H]3C[C@H](F)C4=CC(=O)C=C[C@]4(C)[C@H]3[C@@H](O)C[C@@]21C)C(=O)CO
FLUPREDNISOLONE,C[C@@]12C=CC(=O)C=C2[C@@H](F)C[C@H]2[C@@H]3CC[C@](O)(C(=O)CO)[C@@]3(C)C[C@H](O)[C@@H]21
FLUTICASONE-PROPIONATE,CCC(=O)O[C@@]1([C@H](C)C[C@H]2[C@@H]3C[C@H](F)C4=CC(=O)C=C[C@]4(C)[C@@]3(F)[C@@H](O)C[C@@]21C)C(=O)SCF
FLUTICASONE,C[C@@H]1C[C@H]2[C@@H]3C[C@H](F)C4=CC(=O)C=C[C@]4(C)[C@@]3(F)[C@@H](O)C[C@]2(C)[C@@]1(O)C(=O)SCF
FORMOCORTAL,CC(=O)OCC(=O)[C@]12OC(C)(C)O[C@@H]2CC2C3CC(=C4C=C(CC[C@]4(C)[C@@]3(F)[C@@H](O)C[C@@]21C)OCCCl)C=O
HALCINONIDE,CC1(C)O[C@@H]2CC3C4CCC5=CC(=O)CC[C@]5(C)[C@@]4(F)[C@@H](O)C[C@]3(C)[C@@]2(O1)C(=O)CCl
HALOCORTOLONE,C[C@@H]1C[C@H]2C3C[C@H](F)C4=CC(=O)C=C[C@]4(C)[C@@]3(Cl)[C@@H](F)C[C@]2(C)[C@H]1C(=O)CO
HALOMETASONE,C[C@@H]1C[C@H]2[C@@H]3C[C@H](F)C4=CC(=O)C(=C[C@]4(C)[C@@]3(F)[C@@H](O)C[C@]2(C)[C@@]1(O)C(=O)CO)Cl
HALOPREDONE-ACETATE,CC(=O)OCC(=O)[C@]1(CC[C@H]2C3C[C@@H](F)C4=CC(=O)C(=CC4(C)[C@@]3(F)[C@@H](O)C[C@@]21C)Br)OC(C)=O
HALOPREDONE,C[C@@]12C[C@H](O)[C@@]3(F)C(C[C@@H](F)C4=CC(=O)C(=CC43C)Br)[C@@H]2CC[C@]1(O)C(=O)CO
HYDROCORTAMATE,CCN(CC)CC(=O)OCC(=O)[C@@]1(O)CCC2C3CCC4=CC(=O)CC[C@]4(C)C3[C@@H](O)C[C@@]21C
ICOMETASONE-ENBUTATE,CCCC(=O)O[C@@]1([C@H](C)C[C@H]2[C@@H]3CCC4=CC(=O)C=C[C@]4(C)[C@@]3(Cl)[C@@H](O)C[C@@]21C)C(=O)COC(C)=O
ISOFLUPREDONE-ACETATE,CC(=O)OCC(=O)[C@@]1(O)CC[C@H]2[C@@H]3CCC4=CC(=O)C=C[C@]4(C)[C@@]3(F)[C@@H](O)C[C@@]21C
ISOPREDNIDENE,C[C@@]12CCC(=O)C=C2C=CC2C3CC(=C)[C@](O)(C(=O)CO)[C@@]3(C)C[C@H](O)C21
ITROCINONIDE,CCC[C@@H]1O[C@@H]2CC3C4C[C@H](F)C5=CC(=O)C=C[C@]5(C)[C@@]4(F)[C@@H](O)C[C@]3(C)[C@@]2(O1)C(=O)O[C@H](C)OC(=O)OCC
LOTEPREDNOL-ETABONATE,CCOC(=O)O[C@@]1(CC[C@H]2[C@@H]3CCC4=CC(=O)C=C[C@]4(C)[C@H]3[C@@H](O)C[C@@]21C)C(=O)OCCl
LOTEPREDNOL,C[C@@]12C[C@H](O)[C@H]3[C@@H](CCC4=CC(=O)C=C[C@]34C)[C@@H]2CC[C@]1(O)C(=O)OCCl
MAZIPREDONE,CN1CCN(CC1)CC(=O)[C@@]1(O)CC[C@H]2[C@@H]3CCC4=CC(=O)C=C[C@]4(C)[C@H]3[C@@H](O)C[C@@]21C
MECLORISONE-DIBUTYRATE,CCCC(=O)OCC(=O)[C@@]1(OC(=O)CCC)[C@H](C)C[C@H]2[C@@H]3CCC4=CC(=O)C=C[C@]4(C)[C@@]3(Cl)[C@@H](Cl)C[C@@]21C
MECLORISONE,C[C@@H]1C[C@H]2[C@@H]3CCC4=CC(=O)C=C[C@]4(C)[C@@]3(Cl)[C@@H](Cl)C[C@]2(C)[C@@]1(O)C(=O)CO
MEDRYSONE,C[C@H]1C[C@H]2[C@@H]3CC[C@H](C(C)=O)[C@@]3(C)C[C@H](O)[C@@H]2[C@@]2(C)CCC(=O)C=C12
METHYLPREDNISOLONE-ACEPONATE,CCC(=O)O[C@@]1(CC[C@H]2[C@@H]3C[C@H](C)C4=CC(=O)C=C[C@]4(C)[C@H]3[C@@H](O)C[C@@]21C)C(=O)COC(C)=O
MEPREDNISONE,C[C@H]1C[C@H]2[C@@H]3CCC4=CC(=O)C=C[C@]4(C)[C@H]3C(=O)C[C@]2(C)[C@@]1(O)C(=O)CO
METHYLPREDNISOLONE-ACETATE,C[C@H]1C[C@H]2[C@@H]3CC[C@](O)(C(=O)COC(C)=O)[C@@]3(C)C[C@H](O)[C@@H]2[C@@]2(C)C=CC(=O)C=C12
METHYLPREDNISOLONE,C[C@H]1C[C@H]2[C@@H]3CC[C@](O)(C(=O)CO)[C@@]3(C)C[C@H](O)[C@@H]2[C@@]2(C)C=CC(=O)C=C12
METHYLPREDNISOLONE-HEMISUCCINATE,C[C@H]1CC2[C@@H]3CC[C@](O)(C(=O)COC(=O)CCC(O)=O)[C@@]3(C)C[C@H](O)[C@@H]2[C@@]2(C)C=CC(=O)C=C12
MOMETASONE-FUROATE,C[C@@H]1CC2C3CCC4=CC(=O)C=C[C@]4(C)[C@@]3(Cl)[C@@H](O)C[C@]2(C)[C@@]1(OC(=O)c1occc1)C(=O)CCl
MOMETASONE,C[C@@H]1C[C@H]2[C@@H]3CCC4=CC(=O)C=C[C@]4(C)[C@@]3(Cl)[C@@H](O)C[C@]2(C)[C@@]1(O)C(=O)CCl
NAFLOCORT,C[C@@]12C[C@H](O)[C@@]3(F)[C@@H](CCC4=CC(=O)C=C[C@@]43C)[C@@H]2C[C@H]2Cc3ccccc3C[C@]21C(=O)CO
NICOCORTONIDE,C\C=C/C1O[C@]23CC[C@](O1)(C(=O)COC(=O)c1ccncc1)[C@@]3(C)C[C@H](O)[C@H]1[C@H]2CCC2=CC(=O)CC[C@]12C
NIVACORTOL,C[C@@]12Cc3cnn(c3C=C2CC[C@@H]2[C@@H]1CC[C@@]1(C)[C@H]2CC[C@@]1(O)C#C)c1ccc(cc1)F
OXISOPRED,C[C@@]12C[C@H](O)[C@H]3[C@@H](CCC(=O)C4C(=O)C=C[C@]34C)[C@@H]2CC[C@]1(O)C(=O)CO
PARAMETHASONE-ACETATE,C[C@@H]1C[C@H]2C3C[C@H](F)C4=CC(=O)C=C[C@]4(C)[C@H]3[C@@H](O)C[C@]2(C)[C@@]1(O)C(=O)COC(C)=O
PARAMETHASONE,C[C@@H]1C[C@H]2[C@@H]3C[C@H](F)C4=CC(=O)C=C[C@]4(C)[C@H]3[C@@H](O)C[C@]2(C)[C@@]1(O)C(=O)CO
PREDNISOLONE-ACETATE,CC(=O)OCC(=O)[C@@]1(O)CC[C@H]2[C@@H]3CCC4=CC(=O)C=C[C@]4(C)[C@H]3[C@@H](O)C[C@@]21C
PREDNISOLAMATE,CCN(CC)CC(=O)OCC(=O)[C@@]1(O)CCC2C3CCC4=CC(=O)C=C[C@]4(C)C3[C@@H](O)C[C@@]21C
PREDNISOLONE,C[C@@]12C[C@H](O)[C@H]3[C@@H](CCC4=CC(=O)C=C[C@]34C)[C@@H]2CC[C@]1(O)C(=O)CO
PREDNISOLONE-STEAGLATE,CCCCCCCCCCCCCCCCCC(=O)OCC(=O)OCC(=O)[C@@]1(O)CCC2C3CCC4=CC(=O)C=C[C@]4(C)C3[C@@H](O)C[C@@]21C
PREDNISOLONE-HEMISUCCINATE,C[C@@]12C[C@H](O)[C@H]3[C@@H](CCC4=CC(=O)C=C[C@]34C)[C@@H]2CC[C@]1(O)C(=O)COC(=O)CCC(O)=O
PREGNENOLONE,CC(=O)[C@H]1CC[C@H]2[C@@H]3CC=C4C[C@@H](O)CC[C@]4(C)[C@H]3CC[C@@]21C
PREGNENOLONE-SUCCINATE,CC(=O)[C@H]1CC[C@H]2[C@@H]3CC=C4C[C@H](CC[C@]4(C)[C@H]3CC[C@@]21C)OC(=O)CCC(O)=O
PREDNICARBATE,CCOC(=O)O[C@@]1(CC[C@H]2[C@@H]3CCC4=CC(=O)C=C[C@]4(C)[C@H]3[C@@H](O)C[C@@]21C)C(=O)COC(=O)CC
PREDNISONE,C[C@@]12CC(=O)[C@H]3[C@@H](CCC4=CC(=O)C=C[C@]34C)[C@@H]2CC[C@]1(O)C(=O)CO
PREDNIVAL,CCCCC(=O)O[C@@]1(CC[C@H]2[C@@H]3CCC4=CC(=O)C=C[C@]4(C)[C@H]3[C@@H](O)C[C@@]21C)C(=O)CO
PREDNISOLONE-TEBUTATE,CC(C)(C)CC(=O)OCC(=O)[C@@]1(O)CC[C@H]2[C@@H]3CCC4=CC(=O)C=C[C@]4(C)[C@H]3[C@@H](O)C[C@@]21C
PREDNYLIDENE,C[C@@]12C=CC(=O)C=C2CCC2C3CC(=C)[C@](O)(C(=O)CO)[C@@]3(C)C[C@H](O)C21
PROCINONIDE,CCC(=O)OCC(=O)[C@]12OC(C)(C)O[C@@H]2C[C@H]2[C@@H]3C[C@H](F)C4=CC(=O)C=C[C@]4(C)[C@@]3(F)[C@@H](O)C[C@@]21C
RIMEXOLONE,CCC(=O)[C@@]1(C)[C@H](C)CC2C3CCC4=CC(=O)C=C[C@]4(C)C3[C@@H](O)C[C@@]21C
TICABESONE,CSC(=O)[C@@]1(O)[C@H](C)C[C@H]2[C@@H]3C[C@H](F)C4=CC(=O)C=C[C@]4(C)[C@@]3(F)[C@@H](O)C[C@@]21C
TICABESONE-PROPIONATE,CCC(=O)O[C@@]1([C@H](C)C[C@H]2[C@@H]3C[C@H](F)C4=CC(=O)C=C[C@]4(C)[C@@]3(F)[C@@H](O)C[C@@]21C)C(=O)SC
TIXOCORTOL-PIVALATE,CC(C)(C)C(=O)O[C@@]1(CC[C@H]2[C@@H]3CCC4=CC(=O)CC[C@]4(C)[C@H]3[C@@H](O)C[C@@]21C)C(=O)CS
TIMOBESONE-ACETATE,CSC(=O)[C@@]1(OC(C)=O)[C@@H](C)C[C@H]2[C@@H]3CCC4=CC(=O)C=C[C@]4(C)[C@@]3(F)[C@@H](O)C[C@@]21C
TIMOBESONE,CSC(=O)[C@@]1(O)[C@@H](C)C[C@H]2[C@@H]3CCC4=CC(=O)C=C[C@]4(C)[C@@]3(F)[C@@H](O)C[C@@]21C
TIPREDANE,CCS[C@@]1(CC[C@H]2[C@@H]3CCC4=CC(=O)C=C[C@]4(C)[C@@]3(F)[C@@H](O)C[C@@]21C)SC
TIXOCORTOL,C[C@@]12CCC(=O)C=C2CC[C@H]2[C@@H]3CC[C@](O)(C(=O)CS)[C@@]3(C)C[C@H](O)[C@@H]21
TRALONIDE,CC1(C)O[C@@H]2C[C@H]3C4C[C@H](F)C5=CC(=O)C=C[C@]5(C)[C@@]4(Cl)[C@@H](Cl)C[C@]3(C)[C@@]2(O1)C(=O)CF
TRIAMCINOLONE-ACETONIDE,CC1(C)O[C@@H]2C[C@H]3[C@@H]4CCC5=CC(=O)C=C[C@]5(C)[C@@]4(F)[C@@H](O)C[C@]3(C)[C@@]2(O1)C(=O)CO
TRIAMCINOLONE-BENETONIDE,CC(CNC(=O)c1ccccc1)C(=O)OCC(=O)[C@]12OC(C)(C)O[C@@H]2C[C@H]2[C@@H]3CCC4=CC(=O)C=C[C@]4(C)[C@@]3(F)[C@@H](O)C[C@@]21C
TRIAMCINOLONE-DIACETATE,CC(=O)OCC(=O)[C@@]1(O)[C@@H](C[C@H]2C3CCC4=CC(=O)C=C[C@]4(C)[C@@]3(F)[C@@H](O)C[C@@]21C)OC(C)=O
TRIAMCINOLONE-FURETONIDE,CC1(C)O[C@@H]2C[C@H]3[C@@H]4CCC5=CC(=O)C=C[C@]5(C)[C@@]4(F)[C@@H](O)C[C@]3(C)[C@@]2(O1)C(=O)COC(=O)c1oc2ccccc2c1
TRIAMCINOLONE-HEXACETONIDE,CC(C)(C)CC(=O)OCC(=O)[C@]12OC(C)(C)O[C@@H]2C[C@H]2[C@@H]3CCC4=CC(=O)C=C[C@]4(C)[C@@]3(F)[C@@H](O)C[C@@]21C
TRIAMCINOLONE,C[C@@]12C[C@H](O)[C@@]3(F)[C@@H](CCC4=CC(=O)C=C[C@@]43C)[C@@H]2C[C@@H](O)[C@]1(O)C(=O)CO
TRICLONIDE,CC1(C)O[C@@H]2C[C@H]3[C@@H]4C[C@H](F)C5=CC(=O)C=C[C@]5(C)[C@@]4(Cl)[C@@H](Cl)C[C@]3(C)[C@@]2(O1)C(=O)CCl
ISOFLUPREDONE,C[C@@]12C[C@H](O)[C@@]3(F)[C@@H](CCC4=CC(=O)C=C[C@@]43C)[C@@H]2CC[C@]1(O)C(=O)CO
TERGURIDE,CCN(CC)C(=O)N[C@H]1C[C@H]2[C@@H](Cc3c[nH]c4cccc2c34)N(C)C1
ALFADOLONE,C[C@@]12CC[C@@H](O)C[C@@H]2CC[C@H]2[C@@H]3CC[C@H](C(=O)CO)[C@@]3(C)CC(=O)[C@@H]21
ALFAXALONE,CC(=O)[C@H]1CC[C@H]2[C@@H]3CC[C@H]4C[C@H](O)CC[C@]4(C)[C@H]3C(=O)C[C@@]21C
ALIFLURANE,COC1(F)C(F)(F)C1(F)Cl
CRYOFLUORANE,FC(F)(Cl)C(F)(F)Cl
CYCLOPROPANE,C1CC1
METHYLENE-CHLORIDE,ClCCl
ETHER,CCOCC
ENFLURANE,FC(F)OC(F)(F)C(F)Cl
ETHYLENE,C=C
ETHYL-CHLORIDE,CCCl
ETICYCLIDINE,CCNC1(CCCCC1)c1ccccc1
ETOMIDATE,CCOC(=O)c1cncn1C(C)c1ccccc1
ETOXADROL,CCC1(OCC(O1)C1CCCCN1)c1ccccc1
FLUROXENE,FC(F)(F)COC=C
HALOTHANE,FC(F)(F)C(Cl)Br
DESFLURANE,FC(F)OC(F)C(F)(F)F
ISOFLURANE,FC(F)OC(Cl)C(F)(F)F
KETAMINE,CNC1CCCC(=O)C1c1ccccc1Cl
METHITURAL,CCCC(C)C1(CCSC)C(=O)NC(=NC1=O)S
METHOHEXITAL,CCC#CC(C)C1(CC=C)C(=O)NC(=O)N(C)C1=O
METHOXYFLURANE,COC(F)(F)C(Cl)Cl
MINAXOLONE,CCO[C@H]1C[C@@]2(C)[C@@H](CC[C@H]3[C@@H]4CC[C@H](C(C)=O)[C@@]4(C)C[C@H]([C@@H]32)N(C)C)C[C@@H]1O
NITROUS-OXIDE,[N-]=[N+]=O
NORFLURANE,FCC(F)(F)F
PHENCYCLIDINE,C1CCN(CC1)C1(CCCCC1)c1ccccc1
PROPANIDID,CCCOC(=O)Cc1ccc(c(c1)OC)OCC(=O)N(CC)CC
PROPOFOL,CC(C)c1cccc(c1O)C(C)C
RENANOLONE,CC(=O)[C@H]1CCC2C3CC[C@@H]4C[C@H](O)CC[C@]4(C)C3C(=O)C[C@@]21C
ROFLURANE,COC(F)(F)C(F)Br
SEVOFLURANE,FCOC(C(F)(F)F)C(F)(F)F
TEFLURANE,FC(Br)C(F)(F)F
THIAMYLAL,CCCC(C)C1(CC=C)C(=O)NC(=NC1=O)S
TILETAMINE,CCNC1(CCCCC1=O)c1sccc1
TRIBROMOETHANOL,OCC(Br)(Br)Br
TRICHLOROETHYLENE,ClC=C(Cl)Cl
URETHANE,CCOC(N)=O
XYLAZINE,Cc1cccc(c1NC1=NCCCS1)C
BENZYL-ALCOHOL,OCc1ccccc1
CHLOROFORM,ClC(Cl)Cl
VINYL-ETHER,C=COC=C
ALMOXATONE,CNC[C@@H]1CN(C(=O)O1)c1ccc(cc1)OCc1cccc(c1)Cl
BEFLOXATONE,COC[C@H]1CN(C(=O)O1)c1ccc(cc1)OCC[C@@H](O)C(F)(F)F
BROFAROMINE,COc1cc(c2oc(cc2c1)C1CCNCC1)Br
EFETOZOLE,CC(n1ccnc1C)c1ccccc1
CIMOXATONE,COCC1CN(C(=O)O1)c1ccc(cc1)OCc1cccc(c1)C#N
CLORGILINE,CN(CCCOc1ccc(cc1Cl)Cl)CC#C
FENOXYPROPAZINE,CC(COc1ccccc1)NN
IPROCLOZIDE,CC(C)NNC(=O)COc1ccc(cc1)Cl
IPRONIAZID,CC(C)NNC(=O)c1ccncc1
ISOCARBOXAZID,Cc1onc(c1)C(=O)NNCc1ccccc1
ATIBEPRONE,CC(C)c1sc(nn1)COc1ccc2c(c1)OC(=O)C(=C2C)C
MOFEGILINE,NC/C(/CCc1ccc(cc1)F)=C/F
MEBANAZINE,CC(NN)c1ccccc1
MOCLOBEMIDE,Clc1ccc(cc1)C(=O)NCCN1CCOCC1
NIALAMIDE,O=C(CCNNC(=O)c1ccncc1)NCc1ccccc1
OCTAMOXIN,CCCCCCC(C)NN
PHENELZINE,NNCCc1ccccc1
PHENIPRAZINE,CC(Cc1ccccc1)NN
PROCARBAZINE,CNNCc1ccc(cc1)C(=O)NC(C)C
RASAGILINE,C#CCN[C@@H]1CCc2ccccc12
SELEGILINE,C[C@H](Cc1ccccc1)N(C)CC#C
BAZINAPRINE,N#Cc1cc(nnc1NCCN1CCOCC1)c1ccccc1
TOLOXATONE,Cc1cccc(c1)N1CC(CO)OC1=O
TRANYLCYPROMINE,NC1CC1c1ccccc1
AMIFLAMINE,CC(N)Cc1ccc(cc1C)N(C)C
CIMEMOXIN,NNCC1CCCCC1
ETRYPTAMINE,CCC(N)Cc1c[nH]c2ccccc12
PARGYLINE,CN(CC#C)Cc1ccccc1
CABERGOLINE,CCNC(=O)N(CCCN(C)C)C(=O)C1CC2C(Cc3c[nH]c4cccc2c34)N(CC=C)C1
QUINAGOLIDE,CCCN1C[C@H](C[C@@H]2Cc3c(cccc3CC21)O)NS(=O)(=O)N(CC)CC
LISURIDE,CCN(CC)C(=O)NC1CN(C)C2Cc3c[nH]c4cccc(c34)C2=C1
PERGOLIDE,CCCN1C[C@H](CSC)C[C@H]2[C@H]1Cc1c[nH]c3cccc2c13
PIRIBEDIL,C1Oc2ccc(cc2O1)CN1CCN(CC1)c1ncccn1
ETISULERGINE,CCN(CC)S(=O)(=O)N[C@H]1C[C@H]2[C@@H](Cc3c[nH]c4cccc2c34)N(C)C1
ROMERGOLINE,CN1C[C@H](CN2CC(=O)NC(=O)C2)C=C2[C@H]1Cc1c[nH]c3cccc2c13
MESULERGINE,CN(C)S(=O)(=O)N[C@H]1C[C@H]2[C@@H](Cc3cn(c4cccc2c34)C)N(C)C1
OCFENTANIL,COCC(=O)N(C1CCN(CC1)CCc1ccccc1)c1ccccc1F
BRIFENTANIL,CCN1N=NN(CCN2CC[C@@H]([C@H](C)C2)N(C(=O)COC)c2ccccc2F)C1=O
MIRFENTANIL,O=C(N(C1CCN(CC1)CCc1ccccc1)c1cnccn1)c1occc1
TREFENTANIL,CCN1N=NN(CCN2CCC(CC2)(N(C(=O)CC)c2ccccc2F)c2ccccc2)C1=O
RACECADOTRIL,CC(=O)SCC(Cc1ccccc1)C(=O)NCC(=O)OCc1ccccc1
ACETORPHINE,CCC[C@@](C)(O)[C@H]1CC23C=CC1(OC)[C@H]1Oc4c(ccc5c4C13CCN(C)C2C5)OC(C)=O
ACETYLMETHADOL,CCC(OC(C)=O)C(CC(C)N(C)C)(c1ccccc1)c1ccccc1
ALFENTANIL,CCN1N=NN(CCN2CCC(CC2)(COC)N(C(=O)CC)c2ccccc2)C1=O
ALLETORPHINE,CCCC(C)(O)[C@H]1CC23C=CC1(OC)[C@@H]1Oc4c(ccc5c4C13CCN(CC=C)C2C5)O
ALPHACETYLMETHADOL,CC[C@H](OC(C)=O)C(C[C@@H](C)N(C)C)(c1ccccc1)c1ccccc1
ALPHAMEPRODINE,CC[C@H]1CN(C)CC[C@]1(OC(=O)CC)c1ccccc1
ALPHAMETHADOL,CC[C@H](O)C(C[C@@H](C)N(C)C)(c1ccccc1)c1ccccc1
ALPHAPRODINE,CCC(=O)O[C@@]1(CCN(C)C[C@@H]1C)c1ccccc1
BETACETYLMETHADOL,CC[C@@H](OC(C)=O)C(C[C@@H](C)N(C)C)(c1ccccc1)c1ccccc1
BETAMEPRODINE,CCC1CN(C)CCC1(OC(=O)CC)c1ccccc1
BETAMETHADOL,CC[C@@H](O)C(C[C@@H](C)N(C)C)(c1ccccc1)c1ccccc1
BETAPRODINE,CCC(=O)OC1(CCN(C)CC1C)c1ccccc1
BREMAZOCINE,CCC12CCN(CC3(O)CC3)C(Cc3ccc(cc31)O)C2(C)C
BUPRENORPHINE,CO[C@]12CC[C@@]3(C[C@@H]1[C@](C)(O)C(C)(C)C)[C@H]1Cc4ccc(c5c4[C@@]3(CCN1CC1CC1)[C@H]2O5)O
BUTORPHANOL,Oc1ccc2c(c1)[C@]13CCCC[C@@]3(O)[C@@H](C2)N(CC1)CC1CCC1
CODEINE,COc1ccc2c3c1O[C@H]1[C@@H](O)C=C[C@H]4[C@@H](C2)N(C)CC[C@]143
COGAZOCINE,CCC12CCN(CC3CCC3)C(Cc3ccc(cc13)O)C2(C)C
CONORFONE,CC[C@H]1CC(=O)[C@@H]2Oc3c(ccc4c3[C@]32CCN(CC2CC2)[C@H](C4)[C@H]13)OC
CYCLAZOCINE,CC1C2Cc3ccc(cc3C1(C)CCN2CC1CC1)O
CYPRENORPHINE,CO[C@@]12C=C[C@@]3(CC1C(C)(C)O)[C@H]1Cc4ccc(c5c4[C@@]3(CCN1CC1CC1)[C@H]2O5)O
DESOMORPHINE,CN1CC[C@@]23[C@@H]4CCC[C@H]3[C@H]1Cc1ccc(c(c21)O4)O
DEXTROMETHORPHAN,COc1ccc2c(c1)[C@@]13CCCC[C@@H]3[C@H](C2)N(C)CC1
DEXTROMORAMIDE,C[C@H](CN1CCOCC1)C(C(=O)N1CCCC1)(c1ccccc1)c1ccccc1
DEXTROPROPOXYPHENE,CCC(=O)O[C@@](Cc1ccccc1)([C@H](C)CN(C)C)c1ccccc1
DEXTRORPHAN,CN1CC[C@]23CCCC[C@@H]3[C@@H]1Cc1ccc(cc21)O
DEZOCINE,C[C@@]12CCCCCC(Cc3ccc(cc31)O)[C@@H]2N
DIACETYLMORPHINE,CN1CC[C@@]23[C@H]4Oc5c(ccc(c52)C[C@@H]1[C@@H]3C=C[C@@H]4OC(C)=O)OC(C)=O
DIACETYLNALORPHINE,CC(=O)OC1C=CC2C3Cc4ccc(c5c4C2(CCN3CC=C)C1O5)OC(C)=O
DIHYDROCODEINE,COc1ccc2c3c1OC1[C@@H](O)CCC4C(C2)N(C)CC[C@@]413
DIPRENORPHINE,CO[C@@]12CC[C@@]3(C[C@@H]1C(C)(C)O)[C@H]1Cc4ccc(c5c4[C@@]3(CCN1CC1CC1)[C@H]2O5)O
ECADOTRIL,CC(=O)SC[C@@H](Cc1ccccc1)C(=O)NCC(=O)OCc1ccccc1
ASIMADOLINE,CN([C@H](CN1CC[C@H](O)C1)c1ccccc1)C(=O)C(c1ccccc1)c1ccccc1
EPTAZOCINE,CN1CC[C@]2(C)C[C@H](C1)Cc1ccc(cc12)O
ETORPHINE,CCC[C@](C)(O)C1C[C@]23C=C[C@]1(OC)[C@@H]1Oc4c(ccc5c4[C@@]13CCN(C)[C@@H]2C5)O
FENTANYL,CCC(=O)N(C1CCN(CC1)CCc1ccccc1)c1ccccc1
GEMAZOCINE,CCC12CCN(CC3CC3)C(Cc3ccc(cc31)O)C2(C)C
REMIFENTANIL,CCC(=O)N(c1ccccc1)C1(CCN(CCC(=O)OC)CC1)C(=O)OC
HYDROMORPHINOL,CN1CC[C@@]23[C@H]4Oc5c(ccc(c52)C[C@@H]1[C@]3(O)CC[C@@H]4O)O
HYDROMORPHONE,CN1CC[C@]23[C@H]4CCC(=O)[C@@H]3Oc3c(ccc(c32)C[C@H]41)O
HOMPRENORPHINE,CCC(C)(O)C1CC23C=CC1(OC)C1Oc4c(ccc5c4C13CCN(CC1CC1)C2C5)OC
HYDROCODONE,COc1ccc2c3c1O[C@H]1C(=O)CC[C@H]4[C@@H](C2)N(C)CC[C@@]413
ISOMETHADONE,CCC(=O)C(C(C)CN(C)C)(c1ccccc1)c1ccccc1
KETAZOCINE,C[C@H]1[C@@H]2N(CC[C@@]1(C)c1cc(ccc1C2=O)O)CC1CC1
LEVACETYLMETHADOL,CCC(OC(C)=O)C(CC(C)N(C)C)(c1ccccc1)c1ccccc1
LEVALLORPHAN,Oc1ccc2c(c1)[C@]13CCCC[C@H]3[C@@H](C2)N(CC1)CC=C
LEVOMETHADONE,CCC(=O)C(C[C@H](C)N(C)C)(c1ccccc1)c1ccccc1
LEVOMETHORPHAN,COc1ccc2c(c1)[C@]13CCCC[C@H]3[C@@H](C2)N(C)CC1
LEVOMORAMIDE,C[C@@H](CN1CCOCC1)C(C(=O)N1CCCC1)(c1ccccc1)c1ccccc1
LEVOPHENACYLMORPHAN,Oc1ccc2c(c1)[C@]13CCCC[C@H]3[C@@H](C2)N(CC1)CC(=O)c1ccccc1
LEVOPROPOXYPHENE,CCC(=O)O[C@](Cc1ccccc1)([C@@H](C)CN(C)C)c1ccccc1
LEVORPHANOL,CN1CC[C@@]23CCCC[C@H]3[C@H]1Cc1ccc(cc21)O
LOFENTANIL,CCC(=O)N(c1ccccc1)[C@]1(CCN(CCc2ccccc2)C[C@H]1C)C(=O)OC
METHYLDESORPHINE,CN1CC[C@]23[C@H]4CC=C(C)[C@@H]3Oc3c(ccc(c32)C[C@H]41)O
METHYLDIHYDROMORPHINE,CN1CC[C@]23[C@H]4CC[C@](C)(O)[C@@H]3Oc3c(ccc(c32)C[C@H]41)O
METAZOCINE,CC1C2Cc3ccc(cc3C1(C)CCN2C)O
METHADONE,CCC(=O)C(CC(C)N(C)C)(c1ccccc1)c1ccccc1
METOPON,CN1CC[C@]23[C@H]4CCC(=O)[C@]3(C)Oc3c(ccc(c32)C[C@H]41)O
NALBUPHINE,O[C@H]1CC[C@@]2(O)[C@H]3Cc4ccc(c5c4[C@@]2(CCN3CC2CCC2)[C@H]1O5)O
NALMEFENE,Oc1ccc2c3c1O[C@H]1C(=C)CC[C@@]4(O)[C@@H](C2)N(CC[C@@]134)CC1CC1
NALMEXONE,CC(C)=CCN1CC[C@@]23[C@H]4Oc5c(ccc(c52)C[C@@H]1[C@]3(O)CCC4=O)O
NALOXONE,Oc1ccc2c3c1O[C@H]1C(=O)CC[C@@]4(O)[C@@H](C2)N(CC[C@@]134)CC=C
NALTREXONE,Oc1ccc2c3c1O[C@H]1C(=O)CC[C@@]4(O)[C@@H](C2)N(CC[C@@]134)CC1CC1
NICODICODINE,COc1ccc2c3c1O[C@H]1[C@H](CC[C@H]4[C@@H](C2)N(C)CC[C@@]413)OC(=O)c1cccnc1
NICOMORPHINE,CN1CC[C@@]23[C@H]4Oc5c(ccc(c52)C[C@@H]1[C@@H]3C=C[C@@H]4OC(=O)c1cccnc1)OC(=O)c1cccnc1
NORCODEINE,COc1ccc2c3c1O[C@H]1[C@@H](O)C=C[C@H]4[C@@H](C2)NCC[C@]143
NORLEVORPHANOL,Oc1ccc2c(c1)[C@]13CCCC[C@H]3[C@@H](C2)NCC1
NORMETHADONE,CCC(=O)C(CCN(C)C)(c1ccccc1)c1ccccc1
NORMORPHINE,O[C@H]1C=C[C@H]2[C@H]3Cc4ccc(c5c4[C@@]2(CCN3)[C@H]1O5)O
NOSCAPINE,COc1ccc2c(c1OC)C(=O)O[C@@H]2[C@@H]1N(C)CCc2cc3c(c(c21)OC)OCO3
OXILORPHAN,Oc1ccc2c(c1)[C@]13CCCC[C@@]3(O)[C@@H](C2)N(CC1)CC1CC1
OXYCODONE,COc1ccc2c3c1O[C@H]1C(=O)CC[C@@]4(O)[C@@H](C2)N(C)CC[C@@]134
OXYMORPHONE,CN1CC[C@@]23[C@H]4Oc5c(ccc(c52)C[C@@H]1[C@]3(O)CCC4=O)O
PENTAMORPHONE,CN1CC[C@@]23[C@H]4Oc5c(ccc(c52)C[C@@H]1[C@]3(CCCCCN)C=CC4=O)O
PENTAZOCINE,C[C@H]1[C@H]2Cc3ccc(cc3[C@]1(C)CCN2CC=C(C)C)O
PETHIDINE,CCOC(=O)C1(CCN(C)CC1)c1ccccc1
PHENAZOCINE,CC1C2Cc3ccc(cc3C1(C)CCN2CCc1ccccc1)O
PHENOMORPHAN,Oc1ccc2c(c1)[C@]13CCCC[C@H]3[C@@H](C2)N(CCc2ccccc2)CC1
PIMINODINE,CCOC(=O)C1(CCN(CCCNc2ccccc2)CC1)c1ccccc1
PROXORPHAN,Oc1ccc2c(c1)[C@@]13CCN(CC4CC4)[C@H](C2)[C@@H]3CCOC1
RACEMETHORPHAN,COc1ccc2c(c1)[C@]13CCCC[C@H]3[C@@H](C2)N(C)CC1
RACEMORAMIDE,CC(CN1CCOCC1)C(C(=O)N1CCCC1)(c1ccccc1)c1ccccc1
RACEMORPHAN,CN1CC[C@@]23CCCC[C@H]3[C@H]1Cc1ccc(cc21)O
APADOLINE,CCCNC(=O)c1ccc2c(c1)N([C@H](C)CN1CCCC1)c1ccccc1S2
SAMERIDINE,CCCCCCN1CCC(CC1)(C(=O)N(C)CC)c1ccccc1
SEMORPHONE,COCCN1CC[C@@]23[C@H]4Oc5c(ccc(c52)C[C@@H]1[C@]3(O)CCC4=O)O
SUFENTANIL,CCC(=O)N(c1ccccc1)C1(CCN(CCc2sccc2)CC1)COC
TONAZOCINE,CCCCCC(=O)CCC1(C)[C@@H]2Cc3ccc(cc3[C@@]1(C)CCN2C)O
TRAMADOL,COc1cccc(c1)[C@@]1(O)CCCC[C@@H]1CN(C)C
XORPHANOL,C[C@H]1CC(=C)C[C@]23CCN(CC4CCC4)[C@H](Cc4ccc(cc24)O)[C@H]13
CARFENTANIL,CCC(=O)N(c1ccccc1)C1(CCN(CCc2ccccc2)CC1)C(=O)OC
DIMEMORFAN,CN1CC[C@]23CCCC[C@@H]3[C@@H]1Cc1ccc(cc21)C
DROTEBANOL,COc1ccc2c(c1OC)C13CCN(C)C(C2)C3(O)CCC(O)C1
HYDROXYPETHIDINE,CCOC(=O)C1(CCN(C)CC1)c1cccc(c1)O
ANILERIDINE,CCOC(=O)C1(CCN(CCc2ccc(cc2)N)CC1)c1ccccc1
EMBUTRAMIDE,CCC(CC)(CNC(=O)CCCO)c1cccc(c1)OC
KETOBEMIDONE,CCC(=O)C1(CCN(C)CC1)c1cccc(c1)O
KETORFANOL,Oc1cccc2c1[C@@]13CCN(CC4CC4)[C@H](C2)[C@@H]3CCC(=O)C1
MYROPHINE,CCCCCCCCCCCCCC(=O)OC1C=C[C@H]2[C@H]3Cc4ccc(c5c4[C@@]2(CCN3C)[C@H]1O5)OCc1ccccc1
PICENADOL,CCC[C@@]1(CCN(C)C[C@@H]1C)c1cccc(c1)O
PIRITRAMIDE,NC(=O)C1(CCN(CC1)CCC(C#N)(c1ccccc1)c1ccccc1)N1CCCCC1
LORCINADOL,Clc1ccc(nn1)N1CCN(CC1)C/C=C/c1ccccc1
SPIRADOLINE,CN([C@H]1CC[C@@]2(CCCO2)C[C@@H]1N1CCCC1)C(=O)Cc1ccc(c(c1)Cl)Cl
TILIDINE,CCOC(=O)[C@@]1(CCC=C[C@H]1N(C)C)c1ccccc1
LUFURADOM,CN1C(CNC(=O)c2cocc2)CN=C(c2ccccc2)c2ccc(cc12)F
THEBACON,COc1ccc2c3c1O[C@H]1C(=CC[C@H]4[C@@H](C2)N(C)CCC413)OC(C)=O
ACEPERONE,CC(=O)NCC1(CCN(CCCC(=O)c2ccc(cc2)F)CC1)c1ccccc1
BLONANSERIN,CCN1CCN(CC1)c1cc(c2c(n1)CCCCCC2)c1ccc(cc1)F
ALENTEMOL,CCCN(CCC)C1Cc2cccc3cc(cc(c23)C1)O
ALPIROPRIDE,CNS(=O)(=O)c1cc(c(cc1N)OC)C(=O)NCC1CCCN1CC=C
AMIPERONE,CN(C)C(=O)C1(CCN(CCCC(=O)c2ccc(cc2)F)CC1)c1ccc(cc1)Cl
AMISULPRIDE,CCN1CCCC1CNC(=O)c1cc(c(cc1OC)N)S(=O)(=O)CC
AMPEROZIDE,CCNC(=O)N1CCN(CCCC(c2ccc(cc2)F)c2ccc(cc2)F)CC1
ANISOPIROL,COc1ccccc1N1CCN(CCCC(O)c2ccc(cc2)F)CC1
AXAMOZIDE,Clc1ccc2c(c1)NC(=O)N2C1CCN(CC1)CC1COc2ccccc2O1
AZABUPERONE,Fc1ccc(cc1)C(=O)CCCN1CCN2CCCC2C1
AZAPERONE,Fc1ccc(cc1)C(=O)CCCN1CCN(CC1)c1ccccn1
BENPERIDOL,Fc1ccc(cc1)C(=O)CCCN1CCC(CC1)N1C(=O)Nc2ccccc12
BENZQUINAMIDE,CCN(CC)C(=O)C1CN2CCc3cc(c(cc3C2CC1OC(C)=O)OC)OC
BERUPIPAM,CN1CCc2cc(c(cc2[C@H](C1)c1cc(cc2c1OCC2)Br)O)Cl
BIRIPERONE,Fc1ccc(cc1)C(=O)CCCN1CCN2Cc3[nH]c4ccccc4c3CC2C1
BROMPERIDOL-DECANOATE,CCCCCCCCCC(=O)OC1(CCN(CCCC(=O)c2ccc(cc2)F)CC1)c1ccc(cc1)Br
BROMPERIDOL,OC1(CCN(CCCC(=O)c2ccc(cc2)F)CC1)c1ccc(cc1)Br
BUTACLAMOL,CC(C)(C)[C@]1(O)CCN2C[C@H]3c4ccccc4CCc4cccc(c34)[C@@H]2C1
BUTAPERAZINE,CCCC(=O)c1ccc2c(c1)N(CCCN1CCN(C)CC1)c1ccccc1S2
CARFENAZINE,CCC(=O)c1ccc2c(c1)N(CCCN1CCN(CCO)CC1)c1ccccc1S2
CARPERONE,CC(C)NC(=O)OC1CCN(CCCC(=O)c2ccc(cc2)F)CC1
CARVOTROLINE,Fc1ccc2[nH]c3c(c2c1)CN(CCc1ccncc1)CC3
PENTIAPINE,CN1CCN(CC1)C1=Nc2ccccc2Sc2nccn21
BATELAPINE,CN1CCN(CC1)C1=Nc2cc(ccc2Cc2nc(nn21)C)[I]
CHLOROSERPIDINE,CO[C@H]1[C@@H](C[C@@H]2CN3CCc4c([nH]c5ccc(cc54)Cl)[C@H]3C[C@@H]2[C@@H]1C(=O)OC)OC(=O)c1cc(c(c(c1)OC)OC)OC
CINUPERONE,Fc1ccc(cc1)C(=O)CCCN1CCN(CC1)c1cc2ccccc2cn1
SAVOXEPIN,N#Cc1ccc2c(c1)C1=C(CCN(CC1)CC1CCCC1)c1ccccc1O2
CITATEPINE,CN1CCC2=C(CC1)c1cc(ccc1Sc1ccccc21)C#N
CLEBOPRIDE,COc1cc(c(cc1C(=O)NC1CCN(CC1)Cc1ccccc1)Cl)N
CLOFLUPEROL,OC1(CCN(CCCC(=O)c2ccc(cc2)F)CC1)c1ccc(c(c1)C(F)(F)F)Cl
CLOMACRAN,CN(C)CCCC1c2ccccc2Nc2ccc(cc12)Cl
CLOPENTHIXOL,OCCC1CCC(CC\C=C2/c3ccccc3Sc3ccc(cc/23)Cl)CC1
CLOPIPAZAN,CN1CCC(CC1)=C1c2ccccc2Oc2ccc(cc12)Cl
CLOROPERONE,Fc1ccc(cc1)C(=O)CCCN1CCC(CC1)C(=O)c1ccc(cc1)Cl
CLOXYPENDYL,OCCN1CCN(CCCN2c3ccccc3Sc3cc(cnc32)Cl)CC1
ZIPRASIDONE,Clc1cc2c(cc1CCN1CCN(CC1)c1nsc3ccccc13)CC(=O)N2
DESERPIDINE,CO[C@H]1[C@@H](C[C@H]2CN3CCc4c([nH]c5ccccc45)[C@H]3C[C@@H]2[C@@H]1C(=O)OC)OC(=O)c1cc(c(c(c1)OC)OC)OC
DEXCLAMOL,CC(C)[C@@]1(O)CCN2C[C@@H]3c4ccccc4CCc4cccc(c34)[C@H]2C1
DICARBINE,CN1CCC2Nc3ccc(cc3C2C1)C
DIMELAZINE,CN1CCC(C)(C1)CN1c2ccccc2Sc2ccccc21
PANAMESINE,COc1ccc(cc1)N1C[C@H](CN2CCC(O)(CC2)c2ccc3c(c2)OCO3)OC1=O
BALAPERIDONE,Fc1ccc(cc1)[C@H]1C[C@@H]2CN(CCN3C(=O)Nc4ccccc4C3=O)C[C@@H]21
DROPERIDOL,Fc1ccc(cc1)C(=O)CCCN1CCC(=CC1)N1C(=O)Nc2ccccc12
ELOPIPRAZOLE,Fc1ccc(cc1)c1[nH]c(cc1)CN1CCN(CC1)c1cccc2ccoc21
DUOPERONE,Fc1ccc(cc1)C(=O)C1CCN(CCCN2c3ccccc3Sc3ccc(cc23)C(F)(F)F)CC1
ETACEPRIDE,CCN1CCCC1CNC(=O)c1cc(ccc1OC)C(C)=O
ETASULINE,CCNC1=Nc2ccc(cc2C(S1)c1ccccc1)Cl
FENAPERONE,Fc1ccc(cc1)C(=O)CCCN1CCN(CC1)C(=O)OC1CCCCC1
FLUANISONE,COc1ccccc1N1CCN(CCCC(=O)c2ccc(cc2)F)CC1
FLUBEPRIDE,COc1ccc(cc1C(=O)NCC1CCCN1Cc1ccc(cc1)F)S(N)(=O)=O
FLUCIPRAZINE,OC(COC1(CCCCC1)C#C)CN1CCN(CC1)c1ccc(cc1)F
FLUPENTIXOL,OCCN1CCN(CC\C=C2\c3ccccc3Sc3ccc(cc\23)C(F)(F)F)CC1
FLUPRAZINE,NC(=O)NCCN1CCN(CC1)c1cccc(c1)C(F)(F)F
FLUSPIPERONE,Fc1ccc(cc1)N1CNC(=O)C21CCN(CCCC(=O)c1ccc(cc1)F)CC2
FLUSPIRILENE,Fc1ccc(cc1)C(CCCN1CCC2(CC1)N(CNC2=O)c1ccccc1)c1ccc(cc1)F
FLUTIZENOL,OCCN1CCN(CCCN2c3ccsc3Sc3ccc(cc32)C(F)(F)F)CC1
GEVOTROLINE,Fc1ccc2[nH]c3c(c2c1)CN(CCCc1cccnc1)CC3
HALOPERIDOL-DECANOATE,CCCCCCCCCC(=O)OC1(CCN(CCCC(=O)c2ccc(cc2)F)CC1)c1ccc(cc1)Cl
HALOPERIDOL,OC1(CCN(CCCC(=O)c2ccc(cc2)F)CC1)c1ccc(cc1)Cl
HOMOFENAZINE,OCCN1CCCN(CCCN2c3ccccc3Sc3ccc(cc23)C(F)(F)F)CC1
ILOPERIDONE,COc1cc(ccc1OCCCN1CCC(CC1)c1noc2cc(ccc12)F)C(C)=O
NEFLUMOZIDE,Fc1ccc2c(noc2c1)CCCN1CCC(CC1)N1C(=O)Nc2ccccc21
IPROZILAMINE,CSc1c(nc(nc1N1CCN(C)CC1)NC(C)C)Cl
UMESPIRONE,CCCCN1C(=O)C2C(=O)N(CCCCN3CCN(CC3)c3ccccc3OC)C(=O)C(C1=O)C2(C)C
LOXAPINE,CN1CCN(CC1)C1=Nc2ccccc2Oc2ccc(cc12)Cl
OLANZAPINE,CN1CCN(CC1)C1=Nc2ccccc2Nc2sc(cc12)C
MEFECLORAZINE,COc1ccc(cc1OC)CCN1CCN(CC1)c1ccccc1Cl
MELPERONE,CC1CCN(CCCC(=O)c2ccc(cc2)F)CC1
MEPIPRAZOLE,Cc1[nH]nc(c1)CCN1CCN(CC1)c1cccc(c1)Cl
MEPROTIXOL,COc1ccc2c(c1)C(O)(CCCN(C)C)c1ccccc1S2
MESORIDAZINE,CN1CCCCC1CCN1c2ccccc2Sc2ccc(cc12)S(C)=O
METOFENAZATE,COc1cc(cc(c1OC)OC)C(=O)OCCN1CCN(CCCN2c3ccccc3Sc3ccc(cc32)Cl)CC1
METOSERPATE,CO[C@H]1C[C@@H]2CN3CCc4c([nH]c5cc(ccc45)OC)[C@H]3C[C@@H]2[C@@H]([C@H]1OC)C(=O)OC
MEZILAMINE,CNc1nc(c(c(n1)N1CCN(C)CC1)SC)Cl
MILENPERONE,Fc1ccc(cc1)C(=O)C1CCN(CCCN2C(=O)Nc3cc(ccc23)Cl)CC1
MILIPERTINE,COc1ccccc1N1CCN(CC1)CCc1c([nH]c2cc(c(cc12)OC)OC)C
MINDOPERONE,COc1ccc2c([nH]c(c2C2CCN(CCCC(=O)c3ccc(cc3)F)CC2)C)c1
TIOSPIRONE,O=C1CC2(CCCC2)CC(=O)N1CCCCN1CCN(CC1)c1nsc2ccccc12
MOPERONE,Cc1ccc(cc1)C1(O)CCN(CCCC(=O)c2ccc(cc2)F)CC1
NEMONAPRIDE,CNc1cc(c(cc1Cl)C(=O)N[C@H]1CCN(Cc2ccccc2)[C@H]1C)OC
ODAPIPAM,CN1CCc2cc(c(cc2C(C1)c1cccc2c1OCC2)O)Cl
NONAPERONE,Fc1ccc(cc1)C(=O)CCCN1CC2CCC(CC2)C1
OXAFLUMAZINE,FC(F)(F)c1ccc2c(c1)N(CCCN1CCN(CCC3OCCCO3)CC1)c1ccccc1S2
OXIPEROMIDE,O=C1Nc2ccccc2N1C1CCN(CCOc2ccccc2)CC1
OXYPERTINE,COc1cc2[nH]c(c(c2cc1OC)CCN1CCN(CC1)c1ccccc1)C
OXYRIDAZINE,COc1ccc2c(c1)N(CCC1CCCCN1C)c1ccccc1S2
PECAZINE,CN1CCCC(C1)CN1c2ccccc2Sc2ccccc21
PENFLURIDOL,OC1(CCN(CCCC(c2ccc(cc2)F)c2ccc(cc2)F)CC1)c1ccc(c(c1)C(F)(F)F)Cl
PERICIAZINE,OC1CCN(CCCN2c3ccccc3Sc3ccc(cc23)C#N)CC1
PIFLUTIXOL,OCCC1CCN(CC\C=C2\c3ccc(cc3Sc3ccc(cc\23)C(F)(F)F)F)CC1
PIMOZIDE,Fc1ccc(cc1)C(CCCN1CCC(CC1)N1C(=O)Nc2ccccc12)c1ccc(cc1)F
PINOXEPIN,OCCN1CCN(CC\C=C2\c3ccccc3COc3ccc(cc\23)Cl)CC1
PIPAMPERONE,NC(=O)C1(CCN(CCCC(=O)c2ccc(cc2)F)CC1)N1CCCCC1
PIPOTIAZINE,CN(C)S(=O)(=O)c1ccc2c(c1)N(CCCN1CCC(CCO)CC1)c1ccccc1S2
PIPOTIAZINE-PALMITATE,CCCCCCCCCCCCCCCC(=O)OCCC1CCN(CCCN2c3ccccc3Sc3ccc(cc23)S(=O)(=O)N(C)C)CC1
PIQUINDONE,CCc1c([nH]c2c1C(=O)[C@@H]1CN(C)CC[C@H]1C2)C
PRIDEPERONE,COc1ccc(cc1C(=O)NCCN1CCC(CC1)C(=O)c1ccc(cc1)F)C#N
PROPYPERONE,CCC(=O)C1(CCN(CCCC(=O)c2ccc(cc2)F)CC1)N1CCCCC1
PROSULPRIDE,CCCN1CCCC1CNC(=O)c1cc(ccc1OC)S(N)(=O)=O
OCAPERIDONE,CC1=CC=CN2C(=O)C(=C(C)N=C21)CCN1CCC(CC1)c1noc2cc(ccc12)F
REMOXIPRIDE,CCN1CCC[C@H]1CNC(=O)c1c(ccc(c1OC)Br)OC
RIMCAZOLE,C[C@H]1CN(CCCn2c3ccccc3c3ccccc23)C[C@@H](C)N1
RISPERIDONE,CC1=C(CCN2CCC(CC2)c2noc3cc(ccc23)F)C(=O)N2CCCCC2=N1
ROLIPRAM,COc1ccc(cc1OC1CCCC1)C1CNC(=O)C1
ROXOPERONE,CN1C(=O)CC2(CCN(CCCC(=O)c3ccc(cc3)F)CC2)C1=O
TEPIRINDOLE,CCCN1CCC(=CC1)c1c[nH]c2ccc(cc12)Cl
MAZAPERTINE,CC(C)Oc1ccccc1N1CCN(CC1)Cc1cccc(c1)C(=O)N1CCCCC1
SERTINDOLE,Fc1ccc(cc1)n1cc(c2cc(ccc12)Cl)C1CCN(CC1)CCN1CCNC1=O
SETOPERONE,CC1=C(CCN2CCC(CC2)C(=O)c2ccc(cc2)F)C(=O)N2CCSC2=N1
PEROSPIRONE,O=C1[C@@H]2CCCC[C@@H]2C(=O)N1CCCCN1CCN(CC1)c1nsc2ccccc12
SPIPERONE,Fc1ccc(cc1)C(=O)CCCN1CCC2(CC1)N(CNC2=O)c1ccccc1
SPIRAMIDE,Fc1ccc(cc1)OCCCN1CCC2(CC1)N(CNC2=O)c1ccccc1
SPIRILENE,C/C(=C\CCN1CCC2(CC1)N(CNC2=O)c1ccccc1)/c1ccc(cc1)F
SPIROXATRINE,O=C1NCN(c2ccccc2)C21CCN(CC2)CC1COc2ccccc2O1
SULFORIDAZINE,CN1CCCCC1CCN1c2ccccc2Sc2ccc(cc12)S(C)(=O)=O
SULMEPRIDE,COc1ccc(cc1C(=O)NCC1CCCN1C)S(N)(=O)=O
TEFLUDAZINE,OCCN1CCN(CC1)[C@@H]1C[C@@H](c2ccc(cc2)F)c2ccc(cc21)C(F)(F)F
TEFLUTIXOL,OCCN1CCN(CCCC2c3ccc(cc3Sc3ccc(cc23)C(F)(F)F)F)CC1
TETRABENAZINE,COc1cc2c(cc1OC)C1CC(=O)C(CC(C)C)CN1CC2
TIAPRIDE,CCN(CC)CCNC(=O)c1cc(ccc1OC)S(C)(=O)=O
TIMELOTEM,CN1CCN2C(CN=C(c3sccc3)c3ccc(cc32)F)C1
TIMIPERONE,Fc1ccc(cc1)C(=O)CCCN1CCC(CC1)N1C(=S)Nc2ccccc12
TIOPERIDONE,CCCSc1ccccc1N1CCN(CCCCN2C(=O)Nc3ccccc3C2=O)CC1
TRIFLUPERIDOL,OC1(CCN(CCCC(=O)c2ccc(cc2)F)CC1)c1cccc(c1)C(F)(F)F
TROPAPRIDE,COc1cccc(c1OC)C(=O)N[C@H]1C[C@@H]2CC[C@H](C1)N2Cc1ccccc1
VERALIPRIDE,COc1cc(cc(c1OC)C(=O)NCC1CCCN1CC=C)S(N)(=O)=O
XANTHIOL,OCCCN1CCN(CCCC2c3ccccc3Sc3ccc(cc23)Cl)CC1
ZETIDOLINE,CC1(C)CN(CCN2CCN(C2=O)c2cccc(c2)Cl)C1
ZOLOPERONE,COc1ccccc1N1CCN(CC1)CCC1=C(NC(=O)O1)c1ccc(cc1)F
ZUCLOPENTHIXOL,OCCN1CCN(CC\C=C2\c3ccccc3Sc3ccc(cc\23)Cl)CC1
LENPERONE,Fc1ccc(cc1)C(=O)CCCN1CCC(CC1)C(=O)c1ccc(cc1)F
ARIPIPRAZOLE,Clc1cccc(c1Cl)N1CCN(CCCCOc2ccc3c(c2)NC(=O)CC3)CC1
ADAFENOXATE,Clc1ccc(cc1)OCC(=O)OCCNC12CC3CC(CC(C3)C1)C2
ALORACETAM,CC(=O)NCCn1c(cc(c1C)C=O)C
TASOSARTAN,Cc1nc(c2c(n1)N(Cc1ccc(cc1)c1ccccc1c1[nH]nnn1)C(=O)CC2)C
ANIRACETAM,COc1ccc(cc1)C(=O)N1CCCC1=O
BESIPIRDINE,CCCN(n1ccc2ccccc12)c1ccncc1
SIPATRIGINE,CN1CCN(CC1)c1ncc(c(n1)N)c1cc(cc(c1Cl)Cl)Cl
CEBARACETAM,Clc1ccc(cc1)C1CN(CC(=O)N2CCNC(=O)C2)C(=O)C1
DIMIRACETAM,O=C1CN2C(CCC2=O)N1
NEFIRACETAM,Cc1cccc(c1NC(=O)CN1CCCC1=O)C
DOLIRACETAM,NC(=O)CN1C(=O)C(c2ccccc2)c2ccccc12
STACOFYLLINE,CCN(CC)C(=O)N1CCN(CCCc2nc3c(n2C)C(=O)N(C)C(=O)N3C)CC1
TAZOMELINE,CCCCCCSc1nsnc1C1=CCCN(C)C1
SABCOMELINE,CO\N=C(/C#N)\[C@H]1CN2CCC1CC2
RIVASTIGMINE,CCN(C)C(=O)Oc1cccc(c1)[C@H](C)N(C)C
XALIPRODEN,FC(F)(F)c1cccc(c1)C1=CCN(CCc2ccc3ccccc3c2)CC1
LINOPIRDINE,O=C1N(c2ccccc2)c2ccccc2C1(Cc1ccncc1)Cc1ccncc1
DUPRACETAM,O=C(CN1CCCC1=O)NNC(=O)CN1CCCC1=O
DONEPEZIL,COc1cc2c(cc1OC)C(=O)C(CC1CCN(CC1)Cc1ccccc1)C2
ETIRACETAM,CCC(N1CCCC1=O)C(N)=O
EPTASTIGMINE,CCCCCCCNC(=O)Oc1ccc2c(c1)[C@]1(C)CCN(C)[C@@H]1N2C
ANSECULIN,COc1ccccc1N1CCN(CCCOc2cc3c(cc2OC)OC(=O)C(=C3C)C)CC1
LEVETIRACETAM,CC[C@H](N1CCCC1=O)C(N)=O
XANOMELINE,CCCCCCOc1nsnc1C1=CCCN(C)C1
NICOPHOLINE,O=C(N1CCOCC1)c1cccnc1
EDARAVONE,CC1=NN(C(=O)C1)c1ccccc1
OXIRACETAM,NC(=O)CN1CC(O)CC1=O
PIRACETAM,NC(=O)CN1CCCC1=O
RAZOBAZAM,CN1C(=O)CC(=O)N(c2ccccc2)c2c(n[nH]c12)C
ROLZIRACETAM,O=C1CCC2=CCC(=O)N12
MILAMELINE,CO\N=C\C1=CCCN(C)C1
DABELOTINE,CN1CCCc2cccc(c12)OCC1CNCCO1
SIBOPIRDINE,C(c1ccncc1)C1(Cc2ccncc2)c2cccnc2c2ncccc12
TAMITINOL,CCNCc1c(c(ncc1CSC)C)O
TAMOLARIZINE,COc1ccc(cc1OC)C(O)CN1CCN(CC1)C(c1ccccc1)c1ccccc1
TENILOXAZINE,C1COC(CN1)COc1ccccc1Cc1sccc1
TENILSETAM,O=C1NCCNC1c1sccc1
VELNACRINE,Nc1c2ccccc2nc2c1C(O)CCC2
KETOPROFEN,CC(C(O)=O)c1cccc(c1)C(=O)c1ccccc1
AZABON,Nc1ccc(cc1)S(=O)(=O)N1CC2CCC(CC2)C1
BISORCIC,CC(=O)NCCCC(NC(C)=O)C(O)=O
CATHINONE,C[C@H](N)C(=O)c1ccccc1
CLOFEXAMIDE,CCN(CC)CCNC(=O)COc1ccc(cc1)Cl
CYCLAZODONE,O=C1N=C(NC2CC2)OC1c1ccccc1
CYPRODENATE,CN(C)CCOC(=O)CCC1CCCCC1
DEANOL,CN(C)CCO
ENILOSPIRONE,C[C@H]1OC2(CCCC[C@H]2Oc2cccc(c2)Cl)NC1=O
FENBUTRAZATE,CCC(C(=O)OCCN1CCOC(C1C)c1ccccc1)c1ccccc1
FENCAMFAMIN,CCNC1C2CCC(C2)C1c1ccccc1
FENETYLLINE,CC(Cc1ccccc1)NCCn1cnc2c1C(=O)N(C)C(=O)N2C
FENOZOLONE,CCNC1=NC(=O)C(O1)c1ccccc1
FLUCINDOL,CN(C)C1CCc2[nH]c3c(cc(cc3c2C1)F)F
HEXAPRADOL,CCCCCC(N)C(O)(c1ccccc1)c1ccccc1
HYDROXINDASOL,COc1ccc(cc1)Cn1c(c(c2cc(ccc12)O)CCN)C
HOPANTENIC-ACID,CC(C)(CO)C(O)C(=O)NCCCC(O)=O
INDRILINE,CN(C)CCC1(C=Cc2ccccc12)c1ccccc1
MECLOFENOXATE,CN(C)CCOC(=O)COc1ccc(cc1)Cl
MEFEXAMIDE,CCN(CC)CCNC(=O)COc1ccc(cc1)OC
METHYLPHENIDATE,COC(=O)C(C1CCCCN1)c1ccccc1
MESOCARB,CC(Cc1ccccc1)[N+]1=C\C(\O[N-]1)=N/C(=O)Nc1ccccc1
METHASTYRIDONE,CC1(C)NC(=O)C(O1)\C=C/c1ccccc1
MODAFINIL,NC(=O)CS(=O)C(c1ccccc1)c1ccccc1
NICOTINE,CN1CCCC1c1cccnc1
PEMOLINE,NC1=NC(=O)C(O1)c1ccccc1
PHENDIMETRAZINE,C[C@H]1[C@@H](OCCN1C)c1ccccc1
PHENMETRAZINE,CC1NCCOC1c1ccccc1
PIPRADROL,OC(C1CCCCN1)(c1ccccc1)c1ccccc1
PIRISUDANOL,CN(C)CCOC(=O)CCC(=O)OCc1cnc(c(c1CO)O)C
PRAMIRACETAM,CC(C)N(CCNC(=O)CN1CCCC1=O)C(C)C
PROCYMATE,CCC(OC(N)=O)C1CCCCC1
PROLINTANE,CCCC(Cc1ccccc1)N1CCCC1
PYRITINOL,Cc1ncc(c(c1O)CO)CSSCc1cnc(c(c1CO)O)C
VALDIPROMIDE,CCCC(CCC)(CCC)C(N)=O
ZYLOFURAMINE,CCNC(Cc1ccccc1)C1CCCO1
DIMETHAZAN,CN(C)CCn1cnc2c1C(=O)N(C)C(=O)N2C
AMFONELIC-ACID,CCN1C=C(C(O)=O)C(=O)c2ccc(nc12)Cc1ccccc1
AMPYZINE,CN(C)c1cnccn1
ASPIRIN,CC(=O)Oc1ccccc1C(O)=O
BENORILATE,CC(=O)Nc1ccc(cc1)OC(=O)c1ccccc1OC(C)=O
SALICIN,OC[C@H]1O[C@@H](Oc2ccccc2CO)[C@H](O)[C@@H](O)[C@@H]1O
SALICYLAMIDE,NC(=O)c1ccccc1O
SALSALIC-ACID,OC(=O)c1ccccc1OC(=O)c1ccccc1O
PHENYL-SALICYLATE,Oc1ccccc1C(=O)Oc1ccccc1
BIGLUMIDE,O=C1CCC(N2C(=O)C3C4CCC(C4)C3C2=O)C(=O)N1
BROMAZINE,CN(C)CCOC(c1ccccc1)c1ccc(cc1)Br
BROMOFORM,BrC(Br)Br
CHLORAL-HYDRATE,OC(O)C(Cl)(Cl)Cl
CHLORALODOL,CC(CC(C)(C)O)OC(O)C(Cl)(Cl)Cl
CHLORALOSE,OCC(O)[C@H]1O[C@@H]2O[C@@H](O[C@@H]2[C@H]1O)C(Cl)(Cl)Cl
CHLOROBUTANOL,CC(C)(O)C(Cl)(Cl)Cl
CIMEPANOL,CC(C)C(O)C1CCCCC1
DAMOTEPINE,CN(C)CC1=Cc2ccccc2Sc2ccccc12
DOXYLAMINE,CN(C)CCOC(C)(c1ccccc1)c1ccccn1
ETHCHLORVYNOL,CCC(O)(/C=C/Cl)C#C
MECLORALUREA,CNC(=O)NC(O)C(Cl)(Cl)Cl
METOMIDATE,COC(=O)c1cncn1C(C)c1ccccc1
NIAPRAZINE,CC(CCN1CCN(CC1)c1ccc(cc1)F)NC(=O)c1cccnc1
PENTHRICHLORAL,OCC1(CO)COC(OC1)C(Cl)(Cl)Cl
PETRICHLORAL,OC(OCC(COC(O)C(Cl)(Cl)Cl)(COC(O)C(Cl)(Cl)Cl)COC(O)C(Cl)(Cl)Cl)C(Cl)(Cl)Cl
PIMETHIXENE,CN1CCC(CC1)=C1c2ccccc2Sc2ccccc12
METHAPYRILENE,CN(C)CCN(Cc1sccc1)c1ccccn1
ACEBROCHOL,CC(C)CCC[C@@H](C)[C@H]1CCC2C3C[C@@H](Br)[C@@]4(Br)C[C@H](CC[C@]4(C)C3CC[C@]12C)OC(C)=O
ACECARBROMAL,CCC(Br)(CC)C(=O)NC(=O)NC(C)=O
ACEVALTRATE,CC(C)CC(=O)OC1C=C2C(C(OC=C2COC(C)=O)OC(=O)CC(C)(C)OC(C)=O)C21CO2
ALONIMID,O=C1CCC2(CCC(=O)c3ccccc32)C(=O)N1
BENZOCLIDINE,O=C(OC1CN2CCC1CC2)c1ccccc1
BROMAMID,CN(C)C(=O)CCNc1ccc(cc1)Br
BROMISOVAL,CC(C)C(Br)C(=O)NC(N)=O
BUTOCTAMIDE,CCCCC(CC)CNC(=O)CC(C)O
CAPURIDE,CCC(C)C(CC)C(=O)NC(N)=O
CARBROMAL,CCC(Br)(CC)C(=O)NC(N)=O
CARFIMATE,NC(=O)OC(C#C)c1ccccc1
CARZENIDE,NS(=O)(=O)c1ccc(cc1)C(O)=O
CELUCLORAL,O[C@@H]1O[C@H](COCCOC(O)C(Cl)(Cl)Cl)[C@@H](O[C@@H]2O[C@H](COCCOCCOC(O)C(Cl)(Cl)Cl)C[C@H](OC(O)C(Cl)(Cl)Cl)[C@H]2O)[C@H](OCCOCCOC(O)C(Cl)(Cl)Cl)[C@H]1O
CETOHEXAZINE,CC1=NNC(=O)C(=C1)C
CHROMOCARB,OC(=O)C1=CC(=O)c2ccccc2O1
CLORETATE,ClC(Cl)(Cl)COC(=O)OCC(Cl)(Cl)Cl
DIDROVALTRATE,CC(C)CC(=O)OCC1=COC(OC(=O)CC(C)C)C2C1CC(OC(C)=O)C12CO1
VALDETAMIDE,CCC(CC)(CC=C)C(N)=O
ETAQUALONE,CCc1ccccc1N1C(=Nc2ccccc2C1=O)C
ETHINAMATE,NC(=O)OC1(CCCCC1)C#C
ETHYPICONE,CCC1(CC)C(=O)NC=C(C)C1=O
FENADIAZOLE,Oc1ccccc1c1ocnn1
FEPITRIZOL,Cn1nc(nc1c1ccccc1CO)c1cccnc1
FLUTOMIDATE,CCOC(=O)c1cncn1C(C)c1ccc(cc1)F
GLUTETHIMIDE,CCC1(CCC(=O)NC1=O)c1ccccc1
HEXAPROPYMATE,NC(=O)OC1(CCCCC1)CC#C
IBROTAMIDE,CCC(Br)(C(C)C)C(N)=O
IMINOPHENIMIDE,CCC1(NCC(=O)NC1=O)c1ccccc1
METHYLCHROMONE,CC1=COc2ccccc2C1=O
MECLOQUALONE,CC1=Nc2ccccc2C(=O)N1c1ccccc1Cl
METHYLPENTYNOL,CCC(C)(O)C#C
METHAQUALONE,Cc1ccccc1N1C(=Nc2ccccc2C1=O)C
METHYPRYLON,CCC1(CC)C(=O)NCC(C)C1=O
PARALDEHYDE,CC1OC(C)OC(C)O1
PERISOXAL,OC(CN1CCCCC1)c1cc(on1)c1ccccc1
PROFEXALONE,CCCNC(=O)N1CC(OC1=O)c1ccccc1
PROPOXATE,CCCOC(=O)c1cncn1C(C)c1ccccc1
PYRITHYLDIONE,CCC1(CC)C(=O)NC=CC1=O
TAMERIDONE,CN1C(=O)N(C)c2ncn(c2C1=O)CCN1CCC(CC1)c1c[nH]c2ccccc12
LIREQUINIL,CCO[C@H]1CCN(C1)C(=O)C1=C2N(CCc3ccc(cc23)Cl)C(=O)C(=C1)c1ccccc1
ROLETAMIDE,COc1cc(cc(c1OC)OC)C(=O)/C=C/N1CC=CC1
ROMIFIDINE,Fc1cccc(c1NC1=NCCN1)Br
SULFONMETHANE,CCS(=O)(=O)C(C)(C)S(=O)(=O)CC
SUPIDIMIDE,O=C1NCCCC1N1C(=O)c2ccccc2S1(=O)=O
THALIDOMIDE,O=C1CCC(N2C(=O)c3ccccc3C2=O)C(=O)N1
TIXADIL,CC(Cc1ccccc1)NCCC1c2ccccc2Sc2ccccc12
TOLOXYCHLORINOL,Cc1ccccc1OCC(COC(O)C(Cl)(Cl)Cl)OC(O)C(Cl)(Cl)Cl
TOPRILIDINE,Cc1ccccc1N1CCN(CCCOc2ccccn2)CC1
TRICETAMIDE,CCN(CC)C(=O)CNC(=O)c1cc(c(c(c1)OC)OC)OC
TRICLOFOS,OP(O)(=O)OCC(Cl)(Cl)Cl
SULFONETHYLMETHANE,CCC(C)(S(=O)(=O)CC)S(=O)(=O)CC
CLIDAFIDINE,Clc1cccc(c1/N=C1/NCCO/1)Cl
VALPERINOL,CO[C@H]1O[C@H]2O[C@@]3(CN4CCCCC4)[C@H](O)C[C@H](C2C)[C@@H]13
VALTRATE,CC(C)CC(=O)O[C@@H]1OC=C(COC(C)=O)C2=C[C@H](OC(=O)CC(C)C)[C@]3(CO3)[C@@H]12
CHLORCYCLIZINE,CN1CCN(CC1)C(c1ccccc1)c1ccc(cc1)Cl
RICASETRON,CN1[C@@H]2CC[C@H]1C[C@@H](C2)NC(=O)N1CC(C)(C)c2ccccc21
MIRISETRON,CN1[C@H]2CC[C@@H]1C[C@H](C2)NC(=O)C1=CN(C2CCCCC2)c2ccccc2C1=O
ONDANSETRON,Cn1c2c(c3ccccc13)C(=O)C(CC2)Cn1ccnc1C
ALRESTATIN,OC(=O)CN1C(=O)c2cccc3cccc(c23)C1=O
ATORVASTATIN (FREE ACID),CC(C)c1n(c(c(c1C(=O)Nc1ccccc1)c1ccccc1)c1ccc(cc1)F)CC[C@@H](O)C[C@@H](O)CC(O)=O
CRILVASTATIN,C[C@H]1C[C@H](CC(C)(C)C1)OC(=O)[C@@H]1CCC(=O)N1
BERVASTATIN,CCOC(=O)CC(O)CC(O)\C=C\C1=C(c2ccc(cc2)F)c2ccccc2OC21CCCC2
CERIVASTATIN,COCc1c(nc(c(c1c1ccc(cc1)F)/C=C/[C@@H](O)C[C@@H](O)CC(O)=O)C(C)C)C(C)C
FLUVASTATIN,CC(C)n1c2ccccc2c(c1/C=C/[C@@H](O)C[C@@H](O)CC(O)=O)c1ccc(cc1)F
LOVASTATIN,CC[C@H](C)C(=O)O[C@H]1C[C@@H](C)C=C2C=C[C@H](C)[C@H](CC[C@@H]3C[C@@H](O)CC(=O)O3)C12
MEVASTATIN,CC[C@H](C)C(=O)O[C@H]1CCC=C2C=C[C@H](C)[C@H](CC[C@@H]3C[C@@H](O)CC(=O)O3)[C@@H]12
PRAVASTATIN,CC[C@H](C)C(=O)O[C@H]1C[C@H](O)C=C2C=C[C@H](C)[C@H](CC[C@@H](O)C[C@@H](O)CC(O)=O)[C@@H]12
SIMVASTATIN,CCC(C)(C)C(=O)O[C@H]1C[C@@H](C)C=C2C=C[C@H](C)[C@H](CC[C@@H]3C[C@@H](O)CC(=O)O3)[C@@H]12
ACETAZOLAMIDE,CC(=O)Nc1sc(nn1)S(N)(=O)=O
LORZAFONE,CN(C(=O)CNC(=O)CN)c1ccc(cc1C(=O)c1ccccc1Cl)Cl
RILMAZAFONE,CN(C)C(=O)c1nn(c(n1)CNC(=O)CN)c1ccc(cc1C(=O)c1ccccc1Cl)Cl
ACAPRAZINE,CC(=O)NCCCN1CCN(CC1)c1cc(ccc1Cl)Cl
ALOZAFONE,CC(CC#N)N(C)CC(=O)N(C)c1ccc(cc1C(=O)c1ccccc1F)Cl
ALPERTINE,CCOC(=O)c1[nH]c2cc(c(cc2c1CCN1CCN(CC1)c1ccccc1)OC)OC
ALPIDEM,CCCN(CCC)C(=O)Cc1n2c(nc1c1ccc(cc1)Cl)C=CC(=C2)Cl
AMPHENIDONE,Nc1cccc(c1)N1C=CC=CC1=O
AVIZAFONE,CN(C(=O)CNC(=O)[C@@H](N)CCCCN)c1ccc(cc1C(=O)c1ccccc1)Cl
AZACYCLONOL,OC(C1CCNCC1)(c1ccccc1)c1ccccc1
AZAQUINZOLE,C1CN2CCc3ccccc3C2CN1
BENACTYZINE,CCN(CC)CCOC(=O)C(O)(c1ccccc1)c1ccccc1
BENZINDOPYRINE,C(Cc1cn(c2ccccc12)Cc1ccccc1)c1ccncc1
BENZOCTAMINE,CNCC12CCC(c3ccccc13)c1ccccc12
BROMOPRIDE,CCN(CC)CCNC(=O)c1cc(c(cc1OC)N)Br
BUCLIZINE,CC(C)(C)c1ccc(cc1)CN1CCN(CC1)C(c1ccccc1)c1ccc(cc1)Cl
BURAMATE,OCCOC(=O)NCc1ccccc1
BUSPIRONE,O=C1CC2(CCCC2)CC(=O)N1CCCCN1CCN(CC1)c1ncccn1
BUTAMOXANE,CCCCNCC1COc2ccccc2O1
CAPTODIAME,CCCCSc1ccc(cc1)C(SCCN(C)C)c1ccccc1
CHLORMEZANONE,CN1C(c2ccc(cc2)Cl)S(=O)(=O)CCC1=O
CINITAPRIDE,CCOc1cc(c(cc1C(=O)NC1CCN(CC1)CC1CCC=CC1)[N+]([O-])=O)N
CINOCTRAMIDE,COc1cc(cc(c1OC)OC)\C=C\C(=O)N1CCCCCCC1
CINPERENE,O=C1CCC(C2CCN(CC2)C/C=C/c2ccccc2)(C(=O)N1)c1ccccc1
CINTRAMIDE,COc1cc(cc(c1OC)OC)/C=C/C(N)=O
CIPRAZAFONE,CN(C(=O)CNC1CC1)c1ccc(cc1C(=O)c1ccccc1Cl)Cl
CIPROXIMIDE,Clc1ccc(cc1)C12CC2C(=O)NC1=O
OCINAPLON,O=C(c1ccccn1)c1cnn2c1N=CC=C2c1ccncc1
ZALEPLON,CCN(C(C)=O)c1cccc(c1)C1=CC=Nc2n1ncc2C#N
CLOPERIDONE,Clc1cccc(c1)N1CCN(CCCN2C(=O)Nc3ccccc3C2=O)CC1
CLOPIMOZIDE,Fc1ccc(cc1)C(CCCN1CCC(CC1)N1C(=O)Nc2cc(ccc12)Cl)c1ccc(cc1)F
CLOTIXAMIDE,CNC(=O)CCN1CCN(CC\C=C2\c3ccccc3Sc3ccc(cc\23)Cl)CC1
CHLORPHENESIN-CARBAMATE,NC(=O)OCC(O)COc1ccc(cc1)Cl
CYCLOBENZAPRINE,CN(C)CCC=C1c2ccccc2C=Cc2ccccc21
CYCLOPREGNOL,CC(=O)[C@H]1CCC2C3C[C@@H](O)C45C[C@H]5CC[C@]4(C)C3CC[C@@]21C
DECLENPERONE,Fc1ccc(cc1)C(=O)C1CCN(CCCN2C(=O)Nc3ccccc23)CC1
DETOMIDINE,Cc1cccc(c1C)Cc1c[nH]cn1
DICHLORMEZANONE,CN1C(c2ccc(c(c2)Cl)Cl)S(=O)(=O)CCC1=O
DICLOMETIDE,CCN(CC)CCNC(=O)c1cc(cc(c1OC)Cl)Cl
DIFENCLOXAZINE,Clc1ccc(cc1)C(OCCN1CCOCC1)c1ccccc1
DIFLUANAZINE,Fc1ccc(cc1)C(CCCN1CCN(CCNc2ccccc2)CC1)c1ccc(cc1)F
DINAZAFONE,CN(C(=O)CNCC(C)=C)c1ccc(cc1C(=O)c1ccccc1)Cl
DIPHOXAZIDE,CC(=O)NNC(=O)CC(O)(c1ccccc1)c1ccccc1
DIVAPLON,CCC1=C(C)n2cc(nc2N=C1OC)C(=O)c1ccccc1
PAZINACLONE,Clc1ccc2ccc(nc2n1)N1C(CC(=O)N2CCC3(CC2)OCCO3)c2ccccc2C1=O
SUNEPITRON,O=C1CCC(=O)N1C[C@H]1CC[C@H]2CN(CCN2C1)c1ncccn1
DULOZAFONE,CN(C(=O)CN(CCO)CCO)c1ccc(cc1C(=O)c1ccccc1Cl)Cl
LESOPITRON,Clc1cnn(c1)CCCCN1CCN(CC1)c1ncccn1
ECTYLUREA,CC/C(=C/C)/C(=O)NC(N)=O
EMYLCAMATE,CCC(C)(CC)OC(N)=O
ENCIPRAZINE,COc1ccccc1N1CCN(CC1)CC(O)COc1cc(c(c(c1)OC)OC)OC
ENDIXAPRINE,OC1CCN(CC1)c1ccc(nn1)c1ccc(cc1Cl)Cl
ENPIPRAZOLE,Cn1cc(cn1)CCN1CCN(CC1)c1ccccc1Cl
ETAZOLATE,CCOC(=O)c1cnc2n(ncc2c1NN=C(C)C)CC
ETHOMOXANE,CCCCNCC1COc2cccc(c2O1)OCC
ETIFOXINE,CCNC1=Nc2ccc(cc2C(C)(O1)c1ccccc1)Cl
ETODROXIZINE,OCCOCCOCCN1CCN(CC1)C(c1ccccc1)c1ccc(cc1)Cl
ETOPERIDONE,CCN1C(=O)N(CCCN2CCN(CC2)c2cccc(c2)Cl)N=C1CC
FASIPLON,CCC1=C(C)n2cc(nc2N=C1OC)c1noc(n1)C
FENHARMANE,C1CC2=NC3=CC=CCC3=C2C(Cc2ccccc2)N1
FENOBAM,CN1CC(=O)N=C1NC(=O)Nc1cccc(c1)Cl
FLUORESONE,CCS(=O)(=O)c1ccc(cc1)F
FLUOTRACEN,CC1c2ccccc2C(CCCN(C)C)c2cc(ccc12)C(F)(F)F
FLUTROLINE,OC(CCCN1CCc2n(c3ccc(cc3c2C1)F)c1ccc(cc1)F)c1ccc(cc1)F
GEPIRONE,CC1(C)CC(=O)N(CCCCN2CCN(CC2)c2ncccn2)C(=O)C1
FOSENAZIDE,NNC(=O)CP(=O)(c1ccccc1)c1ccccc1
GLAZIOVINE,COc1cc2c3c(c1O)C1(CC3N(C)CC2)C=CC(=O)C=C1
HALOPEMIDE,Fc1ccc(cc1)C(=O)NCCN1CCC(CC1)N1C(=O)Nc2cc(ccc21)Cl
HOMOCHLORCYCLIZINE,CN1CCCN(CC1)C(c1ccccc1)c1ccc(cc1)Cl
HYDROXYZINE,OCCOCCN1CCN(CC1)C(c1ccccc1)c1ccc(cc1)Cl
IMIDOLINE,CN(C)CCN1CCN(C1=O)c1cccc(c1)Cl
IPSAPIRONE,O=C1N(CCCCN2CCN(CC2)c2ncccn2)S(=O)(=O)c2ccccc12
LORPIPRAZOLE,FC(F)(F)c1cccc(c1)N1CCN(CC1)CCc1nnc2n1C[C@@H]1CCC[C@@H]12
BINOSPIRONE,O=C1CC2(CCCC2)CC(=O)N1CCNCC1COc2ccccc2O1
MEBUTAMATE,CCC(C)C(C)(COC(N)=O)COC(N)=O
MEPHENOXALONE,COc1ccccc1OCC1CNC(=O)O1
MEPROBAMATE,CCCC(C)(COC(N)=O)COC(N)=O
METAGLYCODOL,CC(C)(O)C(C)(O)c1cccc(c1)Cl
METAXALONE,Cc1cc(cc(c1)OCC1CNC(=O)O1)C
MIDAFLUR,NC1=NC(NC1(C(F)(F)F)C(F)(F)F)(C(F)(F)F)C(F)(F)F
MINAPRINE,Cc1cc(nnc1NCCN1CCOCC1)c1ccccc1
DIZOCILPINE,CC12NC(Cc3ccccc13)c1ccccc21
MOLINDONE,CCc1c([nH]c2c1C(=O)C(CC2)CN1CCOCC1)C
MOXADOLEN,CNC(=O)O[C@@H]1OC(=O)[C@H]2[C@H]3C[C@H](C=C3)[C@@H]12
NABILONE,CCCCCCC(C)(C)c1cc(c2c(c1)OC(C)(C)[C@@H]1CCC(=O)C[C@H]12)O
NAPRODOXIME,CC(Oc1cccc2ccccc12)/C(/N)=N/O
NARANOL,CC1CN(C)CC2Cc3c(ccc4ccccc34)OC12O
NISOBAMATE,CCC(C)C(C)(COC(N)=O)COC(=O)NC(C)C
TIAGABINE,Cc1ccsc1C(=CCCN1CCC[C@H](C1)C(O)=O)c1sccc1C
OXANAMIDE,CCCC1OC1(CC)C(N)=O
OXYFENAMATE,CCC(O)(COC(N)=O)c1ccccc1
PANCOPRIDE,Nc1cc(c(cc1Cl)C(=O)NC1CN2CCC1CC2)OCC1CC1
PENTAMOXANE,CC(C)CCNCC1COc2ccccc2O1
PHENAGLYCODOL,CC(C)(O)C(C)(O)c1ccc(cc1)Cl
PHENPROBAMATE,NC(=O)OCCCc1ccccc1
PIPEQUALINE,C1CC(CCN1)CCc1cc(nc2ccccc12)c1ccccc1
PIPETHANATE,OC(C(=O)OCCN1CCCCC1)(c1ccccc1)c1ccccc1
PROMOXOLANE,CC(C)C1(OCC(CO)O1)C(C)C
PYRIDARONE,o1c2ccccc2cc1c1ccncc1
RAMCICLANE,CN(C)CCOC1(C[C@H]2CC[C@]1(C)C2(C)C)Cc1ccccc1
REVOSPIRONE,O=C1N(CCCN2CCN(CC2)c2ncccn2)S(=O)(=O)c2ccccc12
PAGOCLONE,CC(C)CCC(=O)C[C@H]1N(C(=O)c2ccccc21)c1ccc2ccc(nc2n1)Cl
SARIPIDEM,CCCC(=O)N(C)Cc1n2c(nc1c1ccc(cc1)Cl)C=CC=C2
STIRIPENTOL,CC(C)(C)C(O)\C=C\c1ccc2c(c1)OCO2
SUPROCLONE,CCC(=O)N1CCN(CC1)C(=O)OC1N(C(=O)C2=C1SCCS2)c1ccc2ccc(nc2n1)Cl
SURICLONE,CN1CCN(CC1)C(=O)OC1N(C(=O)C2=C1SCCS2)c1ccc2ccc(nc2n1)Cl
TACLAMINE,C1CCN2CC3c4ccccc4CCc4cccc(c43)C2C1
TANDOSPIRONE,O=C1[C@@H]2[C@@H]3CC[C@@H](C3)[C@@H]2C(=O)N1CCCCN1CCN(CC1)c1ncccn1
TANIPLON,COC1=Nc2nc(cn2C2=C1CCCC2)c1noc(n1)C
TOFISOLINE,CCc1c([n+](c(c2cc(c(cc12)OC)OC)c1ccc(c(c1)OC)OC)[N-])C
TOLBOXANE,CCCC1(C)COB(OC1)c1ccc(cc1)C
TOLPIPRAZOLE,Cc1[nH]nc(c1)CCN1CCN(CC1)c1cccc(c1)C
TRACAZOLATE,CCCCNc1c2cnn(c2nc(c1C(=O)OCC)C)CC
TRAZODONE,Clc1cccc(c1)N1CCN(CCCN2N=C3C=CC=CN3C2=O)CC1
TRICLODAZOL,OC(N1CNC(C1=O)(c1ccccc1)c1ccccc1)C(Cl)(Cl)Cl
TRIMETOZINE,COc1cc(cc(c1OC)OC)C(=O)N1CCOCC1
TYBAMATE,CCCCNC(=O)OCC(C)(CCC)COC(N)=O
VALNOCTAMIDE,CCC(C)C(CC)C(N)=O
ADATANSERIN,O=C(NCCN1CCN(CC1)c1ncccn1)C12CC3CC(CC(C3)C1)C2
ZALOSPIRONE,O=C1[C@H]2[C@H]3C=C[C@H]([C@H]4C=C[C@H]43)[C@H]2C(=O)N1CCCCN1CCN(CC1)c1ncccn1
ZOMEBAZAM,Cn1nc(c2c1N(C)C(=O)CC(=O)N2c1ccccc1)C
ZOPICLONE,CN1CCN(CC1)C(=O)OC1N(C(=O)c2nccnc12)c1ccc(cn1)Cl
FENIMIDE,CCC1C(=O)NC(=O)C1(C)c1ccccc1
MAPROTILINE,CNCCCC12CCC(c3ccccc31)c1ccccc21
MAROXEPIN,CN1CCC2=C(CC1)c1ccccc1Oc1ccccc21
MEQUITAZINE,C1CN2CCC1C(C2)CN1c2ccccc2Sc2ccccc12
CYAMEMAZINE,CC(CN(C)C)CN1c2ccccc2Sc2ccc(cc12)C#N
METHIOTHEPIN,CSc1ccc2c(c1)C(Cc1ccccc1S2)N1CCN(C)CC1
ACEPROMAZINE,CN(C)CCCN1c2ccccc2Sc2ccc(cc21)C(C)=O
ACEPROMETAZINE,CC(CN1c2ccccc2Sc2ccc(cc21)C(C)=O)N(C)C
ACETOPHENAZINE,CC(=O)c1ccc2c(c1)N(CCCN1CCN(CCO)CC1)c1ccccc1S2
ALIMEMAZINE,CC(CN(C)C)CN1c2ccccc2Sc2ccccc21
AMINEPTINE,OC(=O)CCCCCCNC1c2ccccc2CCc2ccccc12
AMINOPROMAZINE,CN(C)CC(CN1c2ccccc2Sc2ccccc21)N(C)C
AMITRIPTYLINOXIDE,C[N+](C)([O-])CCC=C1c2ccccc2CCc2ccccc12
AMOXAPINE,Clc1ccc2c(c1)C(=Nc1ccccc1O2)N1CCNCC1
APTAZAPINE,CN1CCN2C(C1)c1cccn1Cc1ccccc21
BUTRIPTYLINE,CC(CC1c2ccccc2CCc2ccccc12)CN(C)C
CHLORPROTHIXENE,CN(C)CC\C=C1\c2ccccc2Sc2ccc(cc\12)Cl
CHLORTHENOXAZINE,ClCCC1NC(=O)c2ccccc2O1
CICLOFENAZINE,FC(F)(F)c1ccc2c(c1)N(CCCN1CCN(CC1)C1CC1)c1ccccc1S2
CICLOPRAMINE,CNC1CCN2c3ccccc3CCc3cccc1c23
CIDOXEPIN,CN(C)CC\C=C1\c2ccccc2COc2ccccc\12
CLOCAPRAMINE,NC(=O)C1(CCN(CCCN2c3ccccc3CCc3ccc(cc23)Cl)CC1)N1CCCCC1
CLOMIPRAMINE,CN(C)CCCN1c2ccccc2CCc2ccc(cc12)Cl
CLOROTEPINE,CN1CCN(CC1)C1Cc2ccccc2Sc2ccc(cc12)Cl
CLOTIAPINE,CN1CCN(CC1)C1=Nc2ccccc2Sc2ccc(cc12)Cl
CLOZAPINE,CN1CCN(CC1)C1=Nc2cc(ccc2Nc2ccccc12)Cl
CHLORPHENOXAMINE,CN(C)CCOC(C)(c1ccccc1)c1ccc(cc1)Cl
COTRIPTYLINE,CN(C)CC(=O)C=C1c2ccccc2CCc2ccccc12
DEMEXIPTILINE,CNCCON=C1c2ccccc2C=Cc2ccccc12
DIBENZEPIN,CN(C)CCN1C(=O)c2ccccc2N(C)c2ccccc12
DIETHAZINE,CCN(CC)CCN1c2ccccc2Sc2ccccc12
DACEMAZINE,CN(C)CC(=O)N1c2ccccc2Sc2ccccc12
DIMEPROZAN,COc1ccc2c(c1)\C(=C/CCN(C)C)\c1ccccc1O2
DIPHENHYDRAMINE,CN(C)CCOC(c1ccccc1)c1ccccc1
DOXEPIN,CN(C)CC\C=C1\c2ccccc2COc2ccccc\12
BELOXEPIN,CN1CCC2(O)C(C1)c1cccc(c1Oc1ccccc21)C
ENPRAZEPINE,CN(C)CCCN1Cc2ccccc2C(=C)c2ccccc12
ERIZEPINE,CN1CCC2=C(CC1)c1ccccc1N(C)c1ccccc21
ETAZEPINE,CCOC1c2ccccc2N(C)C(=O)c2ccccc12
ETYMEMAZINE,CCc1ccc2c(c1)N(CC(C)CN(C)C)c1ccccc1S2
FLUMEZAPINE,CN1CCN(CC1)C1=Nc2cc(ccc2Nc2sc(cc12)C)F
FLUPERLAPINE,CN1CCN(CC1)C1=Nc2cc(ccc2Cc2ccccc12)F
FLUPHENAZINE-ENANTHATE,CCCCCCC(=O)OCCN1CCN(CCCN2c3ccccc3Sc3ccc(cc23)C(F)(F)F)CC1
FLUPHENAZINE,OCCN1CCN(CCCN2c3ccccc3Sc3ccc(cc23)C(F)(F)F)CC1
FLUPIMAZINE,OCCOC1CCN(CCCN2c3ccccc3Sc3ccc(cc23)C(F)(F)F)CC1
FUROMAZINE,OC1(CCN(CCCN2c3ccccc3Sc3ccc(cc23)Cl)CC1)C1CCOC1=O
FTORMETAZINE,CN1CCN(CC1)CCC(=O)N1c2ccccc2Sc2ccc(cc12)C(F)(F)F
FTORPROPAZINE,OCCN1CCN(CC1)CCC(=O)N1c2ccccc2Sc2ccc(cc12)C(F)(F)F
QUETIAPINE,OCCOCCN1CCN(CC1)C1=Nc2ccccc2Sc2ccccc12
IMICLOPAZINE,CN1CCN(CCN2CCN(CCCN3c4ccccc4Sc4ccc(cc34)Cl)CC2)C1=O
IMIPRAMINE,CN(C)CCCN1c2ccccc2CCc2ccccc21
IMIPRAMINOXIDE,C[N+](C)([O-])CCCN1c2ccccc2CCc2ccccc12
INDALPINE,C1CC(CCN1)CCc1c[nH]c2ccccc12
INTRIPTYLINE,CN(C)CC#CC=C1c2ccccc2C=Cc2ccccc12
KETIMIPRAMINE,CN(C)CCCN1c2ccccc2CC(=O)c2ccccc12
LEVOMEPROMAZINE,COc1ccc2c(c1)N(CC(C)CN(C)C)c1ccccc1S2
LEVOMETIOMEPRAZINE,CSc1ccc2c(c1)N(CC(C)CN(C)C)c1ccccc1S2
LEVOPROTILINE,CNC[C@H](O)CC12CCC(c3ccccc13)c1ccccc21
LOFEPRAMINE,CN(CCCN1c2ccccc2CCc2ccccc12)CC(=O)c1ccc(cc1)Cl
METHIOMEPRAZINE,CSc1ccc2c(c1)N(CC(C)CN(C)C)c1ccccc1S2
METHOPROMAZINE,COc1ccc2c(c1)N(CCCN(C)C)c1ccccc1S2
METIAPINE,CN1CCN(CC1)C1=Nc2ccccc2Sc2ccc(cc12)C
METOPIMAZINE,CS(=O)(=O)c1ccc2c(c1)N(CCCN1CCC(CC1)C(N)=O)c1ccccc1S2
METOXEPIN,COc1ccc2c(c1)C(=Cc1ccccc1O2)N1CCN(C)CC1
MEZEPINE,CNCCCN1Cc2ccccc2Cc2ccccc12
MOSAPRAMINE,Clc1ccc2c(c1)N(CCCN1CCC3(CC1)N1CCCCC1NC3=O)c1ccccc1CC2
NORTRIPTYLINE,CNCCC=C1c2ccccc2CCc2ccccc12
NOXIPTILINE,CN(C)CCON=C1c2ccccc2CCc2ccccc12
OCTRIPTYLINE,CNCCC=C1c2ccccc2C2CC2c2ccccc12
MIRTAZAPINE,CN1CCN2C(C1)c1ccccc1Cc1cccnc21
SETIPTILINE,CN1CCC2=C(C1)c1ccccc1Cc1ccccc21
OXAPROTILINE,CNCC(O)CC12CCC(c3ccccc13)c1ccccc21
OXITRIPTYLINE,CN(C)C(=O)COC1c2ccccc2CCc2ccccc12
OXOMEMAZINE,CC(CN(C)C)CN1c2ccccc2S(=O)(=O)c2ccccc12
PERIMETAZINE,COc1ccc2c(c1)N(CC(C)CN1CCC(O)CC1)c1ccccc1S2
PERLAPINE,CN1CCN(CC1)C1=Nc2ccccc2Cc2ccccc21
PERPHENAZINE,OCCN1CCN(CCCN2c3ccccc3Sc3ccc(cc23)Cl)CC1
PIPERACETAZINE,CC(=O)c1ccc2c(c1)N(CCCN1CCC(CCO)CC1)c1ccccc1S2
PIRANDAMINE,CN(C)CCC1(C)OCCC2=C1Cc1ccccc21
PRAZEPINE,CN(C)CCCN1Cc2ccccc2Cc2ccccc12
PROCHLORPERAZINE,CN1CCN(CCCN2c3ccccc3Sc3ccc(cc23)Cl)CC1
PROFENAMINE,CCN(CC)C(C)CN1c2ccccc2Sc2ccccc12
PROMAZINE,CN(C)CCCN1c2ccccc2Sc2ccccc12
PROMETHAZINE,CC(CN1c2ccccc2Sc2ccccc12)N(C)C
PROPIOMAZINE,CCC(=O)c1ccc2c(c1)N(CC(C)N(C)C)c1ccccc1S2
PROPIZEPINE,CC(CN1C(=O)c2cccnc2Nc2ccccc12)N(C)C
PROTHIPENDYL,CN(C)CCCN1c2ccccc2Sc2cccnc12
PROTHIXENE,CN(C)CCC=C1c2ccccc2Sc2ccccc12
PROTRIPTYLINE,CNCCCC1c2ccccc2C=Cc2ccccc12
RILAPINE,CN1CCN(CC1)C1=Cc2cc(ccc2/C(=C/C#N)/c2ccccc12)Cl
SPICLOMAZINE,Clc1ccc2c(c1)N(CCCN1CCC3(CC1)NC(=O)CS3)c1ccccc1S2
SPIROXEPIN,CN(C)CC1COC2(O1)c1ccccc1COc1ccccc21
TENILAPINE,CN1CCN(CC1)C1=Nc2cscc2/C(=C/C#N)/c2cscc21
THIETHYLPERAZINE,CCSc1ccc2c(c1)N(CCCN1CCN(C)CC1)c1ccccc1S2
THIOPROPAZATE,CC(=O)OCCN1CCN(CCCN2c3ccccc3Sc3ccc(cc23)Cl)CC1
THIOPROPERAZINE,CN1CCN(CCCN2c3ccccc3Sc3ccc(cc23)S(=O)(=O)N(C)C)CC1
THIORIDAZINE,CSc1ccc2c(c1)N(CCC1CCCCN1C)c1ccccc1S2
TIANEPTINE,CN1c2ccccc2C(NCCCCCCC(O)=O)c2ccc(cc2S1(=O)=O)Cl
TIENOCARBINE,CN1CCc2[nH]c3ccc4scc(c4c3c2C1)C
TIENOPRAMINE,CN(C)CCCN1c2ccsc2C=Cc2ccccc12
TIOTIXENE,CN1CCN(CC\C=C2\c3ccccc3Sc3ccc(cc\23)S(=O)(=O)N(C)C)CC1
TRIFLUOMEPRAZINE,CC(CN(C)C)CN1c2ccccc2Sc2ccc(cc12)C(F)(F)F
TRIFLUPROMAZINE,CN(C)CCCN1c2ccccc2Sc2ccc(cc12)C(F)(F)F
TRIMIPRAMINE,CC(CN(C)C)CN1c2ccccc2CCc2ccccc12
ZOTEPINE,CN(C)CCOC1=Cc2ccccc2Sc2ccc(cc12)Cl
FOSPHENYTOIN,OP(O)(=O)OCN1C(=O)NC(C1=O)(c1ccccc1)c1ccccc1
LICOSTINEL,[O-][N+](=O)c1c(c(cc2c1NC(=O)C(=O)N2)Cl)Cl
AMOBARBITAL,CCC1(CCC(C)C)C(=O)NC(=O)NC1=O
APROBARBITAL,CC(C)C1(CC=C)C(=O)NC(=O)NC1=O
BARBITAL,CCC1(CC)C(=O)NC(=O)NC1=O
BENZOBARBITAL,CCC1(C(=O)NC(=O)N(C(=O)c2ccccc2)C1=O)c1ccccc1
BRALLOBARBITAL,BrC(=C)CC1(CC=C)C(=O)NC(=O)NC1=O
BUTALBITAL,CC(C)CC1(CC=C)C(=O)NC(=O)NC1=O
CYCLARBAMATE,O=C(Nc1ccccc1)OCC1(CCCC1)COC(=O)Nc1ccccc1
CYCLOBARBITAL,CCC1(C(=O)NC(=O)NC1=O)C1=CCCCC1
DIFEBARBAMATE,CCCCOCC(CN1C(=O)N(CC(COCCCC)OC(N)=O)C(=O)C(CC)(C1=O)c1ccccc1)OC(N)=O
DOXENITOIN,O=C1NCNC1(c1ccccc1)c1ccccc1
ETEROBARB,CCC1(C(=O)N(COC)C(=O)N(COC)C1=O)c1ccccc1
ETHOSUXIMIDE,CCC1(C)CC(=O)NC1=O
ETHOTOIN,CCN1C(=O)NC(C1=O)c1ccccc1
FEBARBAMATE,CCCCOCC(CN1C(=O)NC(=O)C(CC)(C1=O)c1ccccc1)OC(N)=O
FELBAMATE,NC(=O)OCC(COC(N)=O)c1ccccc1
HEPTABARB,CCC1(C(=O)NC(=O)NC1=O)C1=CCCCCC1
HEXOBARBITAL,CN1C(=O)NC(=O)C(C)(C1=O)C1=CCCCC1
METHYLPHENOBARBITAL,CCC1(C(=O)NC(=O)N(C)C1=O)c1ccccc1
MEPHENYTOIN,CCC1(NC(=O)N(C)C1=O)c1ccccc1
METETOIN,CCC1(N(C)C(=O)NC1=O)c1ccccc1
METHARBITAL,CCC1(CC)C(=O)NC(=O)N(C)C1=O
NEALBARBITAL,CC(C)(C)CC1(CC=C)C(=O)NC(=O)NC1=O
PENTABAMATE,CC(OC(N)=O)C(C)C(C)OC(N)=O
PENTOBARBITAL,CCCC(C)C1(CC)C(=O)NC(=O)NC1=O
PHENOBARBITAL,CCC1(C(=O)NC(=O)NC1=O)c1ccccc1
PHENYTOIN,O=C1NC(=O)C(N1)(c1ccccc1)c1ccccc1
PHETHARBITAL,CCC1(CC)C(=O)NC(=O)N(C1=O)c1ccccc1
PROXIBARBAL,CC(O)CC1(CC=C)C(=O)NC(=O)NC1=O
SECBUTABARBITAL,CCC(C)C1(CC)C(=O)NC(=O)NC1=O
SECOBARBITAL,CCCC(C)C1(CC=C)C(=O)NC(=O)NC1=O
TETRABARBITAL,CCCC(CC)C1(CC)C(=O)NC(=O)NC1=O
TETRANTOIN,O=C1NC(=O)C2(CCc3ccccc3C2)N1
THIALBARBITAL,C=CCC1(C2CCCC=C2)C(=O)NC(=S)NC1=O
THIOTETRABARBITAL,CCCC(CC)C1(CC)C(=O)NC(=S)NC1=O
VINBARBITAL,CC\C=C(\C)/C1(CC)C(=O)NC(=O)NC1=O
VINYLBITAL,CCCC(C)C1(C=C)C(=O)NC(=O)NC1=O
ALBUTOIN,CC(C)CC1NC(=S)N(CC=C)C1=O
ALLOBARBITAL,C=CCC1(CC=C)C(=O)NC(=O)NC1=O
CARBUBARB,CCCCC1(CCOC(N)=O)C(=O)NC(=O)NC1=O
TALBUTAL,CCC(C)C1(CC=C)C(=O)NC(=O)NC1=O
ASCORBIC-ACID,OC[C@H](O)[C@H]1OC(=O)C(=C1O)O
BIOTIN,OC(=O)CCCC[C@@H]1SC[C@@H]2NC(=O)N[C@@H]21
FOLIC-ACID,NC1=NC(=O)c2nc(cnc2N1)CNc1ccc(cc1)C(=O)N[C@@H](CCC(O)=O)C(O)=O
NICOTINAMIDE,NC(=O)c1cccnc1
ALPHA-TOCOPHEROL,CC(C)CCC[C@@H](C)CCC[C@@H](C)CCC[C@]1(C)CCc2c(c(c(c(c2O1)C)C)O)C
COBALAMINE,
BAMIFYLLINE,CCN(CCO)CCn1c(nc2c1C(=O)N(C)C(=O)N2C)Cc1ccccc1
DENBUFYLLINE,CCCCN1C(=O)N(CCCC)c2ncn(c2C1=O)CC(C)=O
ETAMIPHYLLIN,CCN(CC)CCn1cnc2c1C(=O)N(C)C(=O)N2C
PROXYPHYLLINE,CC(O)Cn1cnc2c1C(=O)N(C)C(=O)N2C
THEOBROMINE,Cn1cnc2c1C(=O)NC(=O)N2C
AMITRIPTYLINE,CN(C)CCC=C1c2ccccc2CCc2ccccc12
CHLORPROMAZINE,CN(C)CCCN1c2ccccc2Sc2ccc(cc12)Cl
DISULFIRAM,CCN(CC)C(=S)SSC(=S)N(CC)CC
MORPHINE,CN1CC[C@@]23[C@H]4Oc5c(ccc(c52)C[C@@H]1[C@@H]3C=C[C@@H]4O)O
TRIFLUOPERAZINE,CN1CCN(CCCN2c3ccccc3Sc3ccc(cc23)C(F)(F)F)CC1